customer_id,total_transactions,days_as_customer,total_spent,days_since_last_purchase,purchase_count,transactions_per_month,avg_spend_per_transaction,lifetime_value_per_month,engagement_tier,spend_quartile,recency_score,frequency_score,monetary_score,rfm_score
C0001,18,1481,3150.05,116,99,0.36461850101282917,175.0027777777778,63.809250506414585,low,Q1,4,1,1,6
C0002,155,1353,22940.19,308,17,3.4368070953436805,148.0012258064516,508.65166297117514,medium,Q2,1,1,3,5
C0003,131,1032,6495.05,13,314,3.808139534883721,49.58053435114504,188.80959302325581,medium,Q1,5,4,1,10
C0004,88,1621,7658.72,163,342,1.6286243059839607,87.03090909090909,141.74065391733498,low,Q1,3,4,1,8
C0005,87,260,31632.53,293,387,10.038461538461538,363.5922988505747,3649.9073076923078,high,Q3,1,4,4,9
C0006,172,1684,19676.72,348,476,3.0641330166270784,114.39953488372093,350.5353919239905,medium,Q2,1,5,2,8
C0007,18,1557,46096.53,92,249,0.3468208092485549,2560.918333333333,888.1797687861272,low,Q4,4,3,5,12
C0008,140,934,15991.87,238,415,4.496788008565311,114.22764285714287,513.657494646681,medium,Q2,2,5,2,9
C0009,41,1347,36322.7,70,359,0.9131403118040089,885.9195121951219,808.9688195991091,low,Q3,5,4,4,13
C0010,19,964,23081.92,43,139,0.5912863070539419,1214.837894736842,718.3170124481327,low,Q2,5,2,3,10
C0011,106,512,33014.57,129,423,6.2109375,311.4582075471698,1934.4474609375,medium,Q3,4,5,4,13
C0012,196,1466,30004.78,324,27,4.0109140518417465,153.08561224489796,614.013233287858,medium,Q3,1,1,3,5
C0013,148,471,23665.56,252,300,9.426751592356688,159.90243243243245,1507.3605095541402,medium,Q2,2,4,3,9
C0014,153,594,47505.55,179,471,7.727272727272727,310.49379084967325,2399.2702020202023,medium,Q4,3,5,5,13
C0015,144,962,17168.55,104,330,4.49064449064449,119.22604166666666,535.4017671517671,medium,Q2,4,4,2,10
C0016,158,1533,8902.91,52,469,3.091976516634051,56.34753164556962,174.2252446183953,medium,Q1,5,5,1,11
C0017,103,719,33920.8,99,29,4.297635605006954,329.32815533980585,1415.3324061196108,medium,Q3,4,1,4,9
C0018,26,917,42308.08,56,267,0.8505997818974919,1627.2338461538461,1384.1247546346783,low,Q4,5,3,5,13
C0019,168,104,2060.67,69,391,48.46153846153846,12.265892857142857,594.4240384615384,high,Q1,5,4,1,10
C0020,91,238,22509.15,251,322,11.470588235294118,247.3532967032967,2837.2878151260506,high,Q2,2,4,3,9
C0021,101,130,44629.76,49,441,23.30769230769231,441.87881188118814,10299.175384615386,high,Q4,5,5,5,15
C0022,75,159,37493.45,18,232,14.150943396226415,499.9126666666666,7074.235849056604,high,Q3,5,3,4,12
C0023,37,1589,49590.8,198,342,0.698552548772813,1340.291891891892,936.2643171806168,low,Q4,3,4,5,12
C0024,186,1542,26594.12,105,210,3.6186770428015564,142.97913978494623,517.3953307392997,medium,Q3,4,3,3,10
C0025,157,1506,33016.79,166,437,3.1274900398406373,210.298025477707,657.7049800796813,medium,Q3,3,5,4,12
C0026,129,129,15158.89,52,60,30.0,117.51077519379845,3525.3232558139534,high,Q2,5,1,2,8
C0027,81,169,47379.4,77,128,14.37869822485207,584.9308641975309,8410.544378698225,high,Q4,4,2,5,11
C0028,165,533,18348.46,161,49,9.287054409005629,111.20278787878787,1032.7463414634146,medium,Q2,3,1,2,6
C0029,110,1045,36938.61,252,352,3.157894736842105,335.80554545454544,1060.4385645933014,medium,Q3,2,4,4,10
C0030,89,630,20186.85,152,117,4.238095238095238,226.8185393258427,961.2785714285714,medium,Q2,3,2,2,7
C0031,91,905,28112.86,198,159,3.016574585635359,308.93252747252745,931.9180110497238,medium,Q3,3,2,3,8
C0032,46,340,36003.14,191,419,4.0588235294117645,782.6769565217392,3176.7476470588235,medium,Q3,3,5,4,12
C0033,19,1342,25471.26,99,181,0.4247391952309985,1340.5926315789472,569.4022354694486,low,Q3,4,2,3,9
C0034,111,593,45358.96,103,73,5.615514333895447,408.63927927927926,2294.7197301854976,medium,Q4,4,1,5,10
C0035,178,149,20994.08,156,11,35.83892617449664,117.94426966292136,4226.995973154362,high,Q2,3,1,3,7
C0036,13,1363,32371.24,12,114,0.2861335289801908,2490.095384615385,712.4997798972855,low,Q3,5,2,4,11
C0037,172,1651,17151.0,251,458,3.125378558449425,99.71511627906976,311.6474863718958,medium,Q2,2,5,2,9
C0038,166,56,20437.43,225,275,88.92857142857143,123.11704819277108,10948.623214285713,high,Q2,2,3,2,7
C0039,56,814,22030.5,112,498,2.063882063882064,393.4017857142857,811.9348894348894,medium,Q2,4,5,3,12
C0040,127,1515,6334.06,137,108,2.514851485148515,49.87448818897638,125.42693069306931,medium,Q1,4,2,1,7
C0041,34,1298,4631.6,120,176,0.7858243451463791,136.22352941176473,107.04776579352851,low,Q1,4,2,1,7
C0042,152,1568,33391.12,238,82,2.9081632653061225,219.6784210526316,638.8607142857144,medium,Q3,2,1,4,7
C0043,141,775,32793.11,278,200,5.458064516129032,232.57524822695035,1269.4107096774194,medium,Q3,2,2,4,8
C0044,71,698,33162.34,40,282,3.051575931232092,467.0752112676056,1425.3154727793694,medium,Q3,5,3,4,12
C0045,14,1303,1037.33,151,405,0.32233307751343054,74.095,23.883269378357635,low,Q1,3,5,1,9
C0046,195,305,16361.01,6,185,19.18032786885246,83.90261538461539,1609.2796721311477,high,Q2,5,2,2,9
C0047,90,460,9930.6,166,386,5.869565217391304,110.34,647.6478260869566,medium,Q1,3,4,1,8
C0048,179,1109,38918.66,91,314,4.842200180342651,217.42268156424583,1052.804147880974,medium,Q4,4,4,4,12
C0049,136,1230,43038.49,123,146,3.317073170731707,316.45948529411766,1049.719268292683,medium,Q4,4,2,5,11
C0050,156,244,12371.68,167,457,19.18032786885246,79.30564102564102,1521.1081967213115,high,Q1,3,5,2,10
C0051,152,942,33409.07,119,218,4.840764331210191,219.79651315789474,1063.9831210191082,medium,Q3,4,3,4,11
C0052,39,685,6511.67,144,76,1.708029197080292,166.96589743589743,285.1826277372263,low,Q1,3,1,1,5
C0053,73,931,13793.87,280,482,2.3523093447905477,188.95712328767124,444.48560687432865,medium,Q2,2,5,2,9
C0054,94,1751,6975.79,296,457,1.610508280982296,74.21053191489362,119.51667618503711,low,Q1,1,5,1,7
C0055,100,167,14211.86,3,25,17.964071856287426,142.11860000000001,2553.0287425149704,high,Q2,5,1,2,8
C0056,9,1817,33753.09,138,452,0.14859658778205834,3750.343333333333,557.2882223445239,low,Q3,3,5,4,12
C0057,110,837,45520.83,310,474,3.9426523297491043,413.8257272727273,1631.5709677419356,medium,Q4,1,5,5,11
C0058,31,1416,10165.99,194,415,0.6567796610169491,327.9351612903226,215.38114406779658,low,Q1,3,5,1,9
C0059,149,792,27126.85,75,128,5.6439393939393945,182.05939597315435,1027.532196969697,medium,Q3,4,2,3,9
C0060,137,588,35084.49,217,316,6.989795918367347,256.09116788321165,1790.0249999999999,medium,Q3,2,4,4,10
C0061,185,1413,47648.48,53,270,3.9278131634819533,257.5593513513514,1011.6450106157113,medium,Q4,5,3,5,13
C0062,149,1265,30522.52,8,311,3.533596837944664,204.84912751677854,723.854229249012,medium,Q3,5,4,3,12
C0063,74,288,12792.59,231,309,7.708333333333334,172.87283783783784,1332.5614583333333,medium,Q2,2,4,2,8
C0064,194,1296,31292.63,189,320,4.4907407407407405,161.30221649484537,724.3664351851852,medium,Q3,3,4,4,11
C0065,83,1382,16058.53,277,258,1.8017366136034731,193.47626506024096,348.5932706222865,low,Q2,2,3,2,7
C0066,66,726,48807.61,126,346,2.7272727272727275,739.5092424242424,2016.8433884297522,medium,Q4,4,4,5,13
C0067,182,1692,20013.82,312,264,3.226950354609929,109.96604395604396,354.8549645390071,medium,Q2,1,3,2,6
C0068,75,1181,34287.11,154,9,1.9051651143099069,457.1614666666667,870.9680779000847,low,Q3,3,1,4,8
C0069,16,629,1210.22,270,18,0.7631160572337043,75.63875,57.721144674085856,low,Q1,2,1,1,4
C0070,94,49,20033.07,37,480,57.55102040816327,213.1177659574468,12265.144897959184,high,Q2,5,5,2,12
C0071,160,1242,43761.63,36,455,3.8647342995169085,273.5101875,1057.0442028985508,medium,Q4,5,5,5,15
C0072,38,405,30530.86,286,293,2.814814814814815,803.4436842105264,2261.5451851851853,medium,Q3,2,3,4,9
C0073,93,1388,22224.95,305,88,2.010086455331412,238.97795698924733,480.3663544668588,medium,Q2,1,1,3,5
C0074,26,973,46800.08,344,391,0.801644398766701,1800.003076923077,1442.962384378212,low,Q4,1,4,5,10
C0075,138,868,42706.52,119,72,4.7695852534562215,309.467536231884,1476.0317972350229,medium,Q4,4,1,5,10
C0076,96,324,16144.67,9,189,8.888888888888888,168.17364583333332,1494.8768518518518,medium,Q2,5,2,2,9
C0077,67,1307,27250.19,358,165,1.5378729915837794,406.71925373134326,625.4825554705432,low,Q3,1,2,3,6
C0078,46,327,24516.72,220,7,4.220183486238532,532.9721739130435,2249.240366972477,medium,Q2,2,1,3,6
C0079,113,780,31628.51,91,404,4.346153846153846,279.8983185840708,1216.4811538461538,medium,Q3,4,5,4,13
C0080,134,1532,16738.86,279,255,2.6240208877284594,124.9168656716418,327.78446475195824,medium,Q2,2,3,2,7
C0081,189,1682,12248.04,330,159,3.370986920332937,64.80444444444444,218.4549346016647,medium,Q1,1,2,2,5
C0082,88,1806,45637.96,104,254,1.4617940199335548,518.6131818181818,758.1056478405316,low,Q4,4,3,5,12
C0083,33,1750,46197.53,281,1,0.5657142857142857,1399.9251515151516,791.9576571428571,low,Q4,2,1,5,8
C0084,167,1028,42173.98,288,219,4.873540856031129,252.5388023952096,1230.7581712062258,medium,Q4,2,3,5,10
C0085,126,390,48911.31,184,260,9.692307692307692,388.185,3762.4084615384613,medium,Q4,3,3,5,11
C0086,141,1536,37262.33,231,170,2.75390625,264.2718439716312,727.7798828125,medium,Q3,2,2,4,8
C0087,20,1469,38245.13,99,416,0.4084411164057182,1912.2565,781.0441797140911,low,Q4,4,5,4,13
C0088,63,1808,38141.38,340,125,1.045353982300885,605.4187301587301,632.8768805309734,low,Q3,1,2,4,7
C0089,154,1199,24056.35,359,69,3.853211009174312,156.21006493506493,601.9103419516263,medium,Q2,1,1,3,5
C0090,167,284,22849.79,359,264,17.640845070422536,136.8250898203593,2413.7102112676057,high,Q2,1,3,3,7
C0091,88,933,12049.3,270,444,2.8295819935691315,136.92386363636362,387.43729903536973,medium,Q1,2,5,2,9
C0092,161,835,32258.72,16,188,5.784431137724551,200.36472049689442,1158.9959281437127,medium,Q3,5,2,4,11
C0093,169,1543,14501.54,134,24,3.285806869734284,85.80792899408284,281.94828256642904,medium,Q2,4,1,2,7
C0094,78,735,12927.53,163,485,3.183673469387755,165.7375641025641,527.6542857142857,medium,Q2,3,5,2,10
C0095,180,620,29318.77,351,223,8.709677419354838,162.88205555555555,1418.6501612903226,medium,Q3,1,3,3,7
C0096,58,173,20528.62,200,87,10.057803468208093,353.94172413793103,3559.8763005780347,high,Q2,3,1,3,7
C0097,48,1530,10981.89,196,308,0.9411764705882353,228.78937499999998,215.33117647058822,low,Q1,3,4,2,9
C0098,137,1386,40812.0,54,160,2.965367965367965,297.8978102189781,883.3766233766233,medium,Q4,5,2,4,11
C0099,128,104,43035.47,290,469,36.92307692307692,336.214609375,12414.077884615384,high,Q4,2,5,5,12
C0100,28,809,8426.59,123,147,1.0383189122373302,300.94964285714286,312.48170580964154,low,Q1,4,2,1,7
C0101,167,891,424.98,34,276,5.622895622895623,2.544790419161677,14.30909090909091,medium,Q1,5,3,1,9
C0102,40,872,16839.69,361,272,1.3761467889908257,420.99224999999996,579.3471330275229,low,Q2,1,3,2,6
C0103,161,1680,39885.67,70,122,2.875,247.73708074534161,712.2441071428572,medium,Q4,5,2,4,11
C0104,2,300,41966.73,6,250,0.2,20983.365,4196.673000000001,low,Q4,5,3,5,13
C0105,160,580,6959.54,29,55,8.275862068965518,43.497125,359.97620689655173,medium,Q1,5,1,1,7
C0106,158,354,38728.08,166,322,13.389830508474576,245.11443037974684,3282.0406779661016,high,Q4,3,4,4,11
C0107,157,468,5829.42,38,380,10.064102564102564,37.13006369426752,373.6807692307693,high,Q1,5,4,1,10
C0108,133,1659,19533.63,308,476,2.4050632911392404,146.86939849624062,353.23019891500905,medium,Q2,1,5,2,8
C0109,95,1719,49930.55,188,163,1.6579406631762654,525.5847368421053,871.388307155323,low,Q4,3,2,5,10
C0110,142,110,9669.91,119,143,38.72727272727273,68.09795774647887,2637.248181818182,high,Q1,4,2,1,7
C0111,56,1165,7740.48,2,275,1.4420600858369097,138.22285714285712,199.3256652360515,low,Q1,5,3,1,9
C0112,157,448,21168.88,176,347,10.513392857142858,134.83363057324843,1417.5589285714286,high,Q2,3,4,3,10
C0113,112,375,31002.44,56,497,8.96,276.8075,2480.1952,medium,Q3,5,5,4,14
C0114,92,554,46648.39,357,13,4.981949458483755,507.04771739130433,2526.0861010830326,medium,Q4,1,1,5,7
C0115,102,379,49042.02,107,120,8.073878627968337,480.8041176470588,3881.9540897097622,medium,Q4,4,2,5,11
C0116,114,910,3528.55,174,132,3.758241758241758,30.952192982456143,116.32582417582418,medium,Q1,3,2,1,6
C0117,8,1818,6942.98,7,128,0.132013201320132,867.8725,114.57062706270627,low,Q1,5,2,1,8
C0118,28,1083,39547.36,48,232,0.7756232686980609,1412.4057142857143,1095.4947368421053,low,Q4,5,3,4,12
C0119,50,1328,13568.08,76,437,1.1295180722891567,271.3616,306.5078313253012,low,Q2,4,5,2,11
C0120,23,915,44248.21,19,16,0.7540983606557377,1923.8352173913042,1450.7609836065574,low,Q4,5,1,5,11
C0121,88,54,33189.49,265,408,48.888888888888886,377.15329545454546,18438.605555555554,high,Q3,2,5,4,11
C0122,134,181,5636.65,346,309,22.209944751381215,42.064552238805966,934.2513812154696,high,Q1,1,4,1,6
C0123,131,512,41634.84,360,308,7.67578125,317.8232061068702,2439.54140625,medium,Q4,1,4,5,10
C0124,95,467,8859.0,98,340,6.102783725910064,93.25263157894737,569.1006423982869,medium,Q1,4,4,1,9
C0125,172,1539,21203.59,288,58,3.352826510721248,123.27668604651163,413.32534113060433,medium,Q2,2,1,3,6
C0126,114,1545,27631.64,184,374,2.2135922330097086,242.38280701754385,536.5366990291262,medium,Q3,3,4,3,10
C0127,16,1564,25063.27,17,125,0.3069053708439898,1566.454375,480.7532608695652,low,Q3,5,2,3,10
C0128,153,1175,34323.84,34,259,3.9063829787234043,224.33882352941174,876.3533617021276,medium,Q3,5,3,4,12
C0129,115,1028,32651.7,200,339,3.3560311284046693,283.92782608695654,952.8706225680934,medium,Q3,3,4,4,11
C0130,127,1195,49602.5,155,302,3.1882845188284517,390.57086614173227,1245.2510460251044,medium,Q4,3,4,5,12
C0131,114,760,49971.12,4,162,4.5,438.34315789473686,1972.544210526316,medium,Q4,5,2,5,12
C0132,111,1233,25847.15,340,199,2.7007299270072993,232.8572072072072,628.8844282238443,medium,Q3,1,2,3,6
C0133,19,1456,4805.19,267,239,0.3914835164835165,252.90473684210525,99.00803571428571,low,Q1,2,3,1,6
C0134,112,1400,36405.77,184,21,2.4,325.0515178571428,780.1236428571428,medium,Q3,3,1,4,8
C0135,159,1132,48834.37,361,364,4.213780918727915,307.1344025157233,1294.1970848056537,medium,Q4,1,4,5,10
C0136,61,134,15950.4,355,50,13.656716417910447,261.48196721311473,3570.9850746268653,high,Q2,1,1,2,4
C0137,121,1332,23087.38,356,230,2.725225225225225,190.80479338842977,519.9860360360361,medium,Q2,1,3,3,7
C0138,7,688,21267.61,95,328,0.30523255813953487,3038.23,927.3667151162791,low,Q2,4,4,3,11
C0139,70,1365,2618.39,322,41,1.5384615384615385,37.40557142857143,57.54703296703296,low,Q1,1,1,1,3
C0140,88,998,33629.61,185,498,2.6452905811623246,382.1546590909091,1010.910120240481,medium,Q3,3,5,4,12
C0141,197,1612,17699.22,266,189,3.666253101736973,89.84375634517767,329.38995037220843,medium,Q2,2,2,2,6
C0142,43,637,39383.82,314,8,2.0251177394034534,915.9027906976744,1854.8109890109888,medium,Q4,1,1,4,6
C0143,56,1702,41614.4,60,330,0.9870740305522914,743.1142857142858,733.5088131609871,low,Q4,5,4,5,14
C0144,82,1546,41070.48,164,279,1.591203104786546,500.85951219512197,796.969210866753,low,Q4,3,3,5,11
C0145,199,624,20862.47,48,321,9.567307692307692,104.83653266331659,1003.0033653846154,medium,Q2,5,4,3,12
C0146,171,896,16111.21,103,376,5.725446428571429,94.21760233918128,539.4378348214285,medium,Q2,4,4,2,10
C0147,7,984,37453.6,151,238,0.2134146341463415,5350.5142857142855,1141.878048780488,low,Q3,3,3,4,10
C0148,47,1410,40079.4,313,414,1.0,852.7531914893617,852.7531914893617,low,Q4,1,5,4,10
C0149,165,1267,24588.31,315,186,3.9068666140489343,149.0200606060606,582.2014996053671,medium,Q2,1,2,3,6
C0150,12,1560,44656.9,143,273,0.23076923076923078,3721.4083333333333,858.7865384615385,low,Q4,3,3,5,11
C0151,172,694,7238.24,121,80,7.435158501440922,42.08279069767442,312.8922190201729,medium,Q1,4,1,1,6
C0152,57,936,43959.49,194,310,1.8269230769230769,771.2191228070175,1408.9580128205127,low,Q4,3,4,5,12
C0153,184,803,4849.96,333,131,6.874221668742217,26.358478260869564,181.19402241594022,medium,Q1,1,2,1,4
C0154,59,1663,7718.6,357,349,1.064341551413109,130.82372881355934,139.24113048707156,low,Q1,1,4,1,6
C0155,87,577,26715.31,83,401,4.523396880415945,307.0725287356322,1389.010918544194,medium,Q3,4,5,3,12
C0156,133,1084,3422.55,69,430,3.680811808118081,25.733458646616544,94.72001845018451,medium,Q1,5,5,1,11
C0157,26,245,2687.71,258,465,3.1836734693877555,103.37346153846154,329.10734693877555,medium,Q1,2,5,1,8
C0158,112,1557,75.91,111,62,2.157996146435453,0.6777678571428571,1.4626204238921001,medium,Q1,4,1,1,6
C0159,102,720,21844.02,73,69,4.25,214.1570588235294,910.1675,medium,Q2,4,1,3,8
C0160,157,641,38742.46,12,464,7.3478939157566305,246.76726114649682,1813.2196567862713,medium,Q4,5,5,4,14
C0161,200,1076,1790.18,148,191,5.5762081784386615,8.9509,49.912081784386615,medium,Q1,3,2,1,6
C0162,133,925,32630.27,144,14,4.313513513513514,245.34037593984962,1058.279027027027,medium,Q3,3,1,4,8
C0163,82,1552,41165.21,206,144,1.5850515463917525,502.01475609756096,795.7192654639175,low,Q4,3,2,5,10
C0164,82,984,8441.64,74,419,2.5,102.94682926829267,257.3670731707317,medium,Q1,4,5,1,10
C0165,84,958,7385.84,261,178,2.6304801670146136,87.92666666666666,231.2893528183716,medium,Q1,2,2,1,5
C0166,163,218,43047.01,249,39,22.431192660550458,264.09208588957057,5923.900458715597,high,Q4,2,1,5,8
C0167,65,69,41165.07,169,362,28.260869565217394,633.3087692307693,17897.856521739133,high,Q4,3,4,5,12
C0168,34,745,26970.14,67,98,1.3691275167785235,793.2394117647059,1086.0459060402684,low,Q3,5,1,3,9
C0169,67,1822,40969.03,186,177,1.1031833150384194,611.4780597014925,674.572392974753,low,Q4,3,2,4,9
C0170,5,1677,4683.17,247,2,0.08944543828264759,936.634,83.77763864042934,low,Q1,2,1,1,4
C0171,22,1159,19754.35,137,301,0.5694564279551337,897.925,511.32916307161344,low,Q2,4,4,2,10
C0172,19,1162,36902.99,97,223,0.4905335628227194,1942.2626315789473,952.7450086058519,low,Q3,4,3,4,11
C0173,155,733,12909.73,185,434,6.343792633015007,83.28858064516129,528.3654843110504,medium,Q2,3,5,2,10
C0174,145,348,37628.83,130,168,12.5,259.5091724137931,3243.864655172414,high,Q3,4,2,4,10
C0175,140,45,25233.72,147,103,93.33333333333333,180.24085714285715,16822.48,high,Q3,3,1,3,7
C0176,93,638,37525.79,128,83,4.3730407523510975,403.5031182795699,1764.5355799373042,medium,Q3,4,1,4,9
C0177,144,598,23260.75,111,101,7.224080267558528,161.53298611111111,1166.9272575250836,medium,Q2,4,1,3,8
C0178,33,374,18426.82,262,226,2.6470588235294117,558.3884848484848,1478.087165775401,medium,Q2,2,3,2,7
C0179,181,495,10998.5,168,44,10.969696969696969,60.76519337016575,666.5757575757576,high,Q1,3,1,2,6
C0180,101,74,10458.55,171,202,40.945945945945944,103.55,4239.9527027027025,high,Q1,3,2,2,7
C0181,188,1121,37586.97,239,428,5.031222123104371,199.93069148936172,1005.8957181088314,medium,Q3,2,5,4,11
C0182,31,1695,5989.57,132,384,0.5486725663716814,193.21193548387095,106.01008849557522,low,Q1,4,4,1,9
C0183,100,1270,4344.82,37,319,2.3622047244094486,43.4482,102.6335433070866,medium,Q1,5,4,1,10
C0184,140,834,8855.75,312,447,5.0359712230215825,63.25535714285714,318.5521582733813,medium,Q1,1,5,1,7
C0185,100,784,8808.56,21,391,3.826530612244898,88.0856,337.06224489795915,medium,Q1,5,4,1,10
C0186,90,582,41164.23,209,327,4.639175257731959,457.3803333333334,2121.867525773196,medium,Q4,3,4,5,12
C0187,34,285,19955.41,98,432,3.5789473684210527,586.9238235294117,2100.5694736842106,medium,Q2,4,5,2,11
C0188,77,1104,49519.9,79,63,2.092391304347826,643.1155844155844,1345.6494565217392,medium,Q4,4,1,5,10
C0189,48,1047,6903.7,16,410,1.3753581661891119,143.82708333333332,197.8137535816619,low,Q1,5,5,1,11
C0190,61,43,32694.31,329,148,42.55813953488372,535.9722950819672,22809.983720930235,high,Q3,1,2,4,7
C0191,137,776,22464.04,157,367,5.296391752577319,163.97109489051095,868.4551546391752,medium,Q2,3,4,3,10
C0192,127,529,19676.26,126,457,7.20226843100189,154.9311811023622,1115.85595463138,medium,Q2,4,5,2,11
C0193,122,335,43760.46,271,249,10.925373134328359,358.6922950819672,3918.8471641791048,high,Q4,2,3,5,10
C0194,73,1292,48781.0,15,45,1.6950464396284828,668.2328767123288,1132.685758513932,low,Q4,5,1,5,11
C0195,192,974,43649.3,207,186,5.9137577002053385,227.3401041666667,1344.434291581109,medium,Q4,3,2,5,10
C0196,18,1168,9655.42,181,204,0.4623287671232877,536.4122222222222,247.99880136986303,low,Q1,3,3,1,7
C0197,69,1311,11078.86,203,469,1.5789473684210524,160.56318840579712,253.520823798627,low,Q1,3,5,2,10
C0198,24,1793,32820.89,46,472,0.4015616285554936,1367.5370833333334,549.150418293363,low,Q3,5,5,4,14
C0199,68,1471,14489.72,348,285,1.3868116927260368,213.0841176470588,295.5075458871516,low,Q2,1,3,2,6
C0200,193,1144,36749.52,88,476,5.061188811188811,190.41202072538857,963.7111888111888,medium,Q3,4,5,4,13
C0201,74,1608,28342.71,248,219,1.380597014925373,383.0095945945946,528.7819029850746,low,Q3,2,3,3,8
C0202,182,887,27567.89,273,206,6.155580608793687,151.47192307692308,932.3976324689966,medium,Q3,2,3,3,8
C0203,100,1798,41435.92,126,419,1.6685205784204673,414.3592,691.366852057842,low,Q4,4,5,5,14
C0204,140,1397,35541.11,48,334,3.0064423765211163,253.86507142857144,763.2307086614172,medium,Q3,5,4,4,13
C0205,92,1198,1377.56,109,262,2.303839732888147,14.973478260869564,34.496494156928215,medium,Q1,4,3,1,8
C0206,54,1652,2520.48,295,229,0.9806295399515738,46.675555555555555,45.77142857142857,low,Q1,1,3,1,5
C0207,153,955,30097.84,331,353,4.806282722513089,196.71790849673204,945.481884816754,medium,Q3,1,4,3,8
C0208,194,1324,24335.29,342,377,4.395770392749244,125.43963917525774,551.4038519637462,medium,Q2,1,4,3,8
C0209,53,541,13046.22,83,246,2.9390018484288354,246.15509433962262,723.4502772643252,medium,Q2,4,3,2,9
C0210,156,1759,20961.87,222,16,2.6606026151222286,134.37096153846153,357.5077316657191,medium,Q2,2,1,3,6
C0211,53,1149,37907.62,56,51,1.3838120104438643,715.2381132075473,989.7550913838121,low,Q3,5,1,4,10
C0212,144,1434,41339.24,260,73,3.0125523012552304,287.0780555555555,864.8376569037657,medium,Q4,2,1,5,8
C0213,158,857,28083.09,152,232,5.530921820303384,177.7410759493671,983.0719953325554,medium,Q3,3,3,3,9
C0214,90,1586,19299.21,261,308,1.7023959646910467,214.43566666666666,365.0544136191677,low,Q2,2,4,2,8
C0215,148,163,13571.3,251,402,27.23926380368098,91.69797297297296,2497.7852760736196,high,Q2,2,5,2,9
C0216,55,234,26119.83,363,117,7.051282051282051,474.906,3348.696153846154,medium,Q3,1,2,3,6
C0217,16,940,15771.74,179,394,0.5106382978723405,985.73375,503.35340425531916,low,Q2,3,4,2,9
C0218,20,1345,28226.55,125,334,0.44609665427509293,1411.3274999999999,629.5884758364311,low,Q3,4,4,3,11
C0219,90,1483,33848.79,193,26,1.8206338503034392,376.09766666666667,684.7361429534727,low,Q3,3,1,4,8
C0220,181,820,3350.66,60,176,6.621951219512195,18.51193370165746,122.5851219512195,medium,Q1,5,2,1,8
C0221,26,1196,103.32,41,152,0.6521739130434783,3.9738461538461536,2.591638795986622,low,Q1,5,2,1,8
C0222,92,1023,10653.24,190,444,2.697947214076246,115.79608695652173,312.41173020527856,medium,Q1,3,5,2,10
C0223,141,1756,44730.85,302,461,2.408883826879271,317.2400709219858,764.1944760820046,medium,Q4,1,5,5,11
C0224,41,1204,32332.22,195,410,1.021594684385382,788.5907317073171,805.6200996677741,low,Q3,3,5,4,12
C0225,145,778,8639.42,286,265,5.591259640102828,59.582206896551725,333.139588688946,medium,Q1,2,3,1,6
C0226,62,1771,44518.68,65,247,1.0502540937323546,718.0432258064516,754.1278373800113,low,Q4,5,3,5,13
C0227,162,222,23524.3,165,156,21.89189189189189,145.21172839506173,3178.959459459459,high,Q2,3,2,3,8
C0228,116,1798,23830.78,224,387,1.935483870967742,205.43775862068964,397.621468298109,low,Q2,2,4,3,9
C0229,110,306,46780.32,127,44,10.784313725490197,425.27563636363635,4586.305882352942,high,Q4,4,1,5,10
C0230,36,547,3021.36,6,136,1.9744058500914077,83.92666666666668,165.7053016453382,low,Q1,5,2,1,8
C0231,93,1505,10798.15,27,68,1.8538205980066447,116.10913978494624,215.24551495016613,low,Q1,5,1,2,8
C0232,172,1347,29309.28,339,248,3.830734966592428,170.40279069767442,652.7679287305123,medium,Q3,1,3,3,7
C0233,4,1772,9814.55,221,150,0.06772009029345372,2453.6375,166.16055304740405,low,Q1,2,2,1,5
C0234,152,1376,33992.37,97,99,3.313953488372093,223.63401315789474,741.1127180232559,medium,Q3,4,1,4,9
C0235,99,1174,10743.91,95,189,2.5298126064735946,108.52434343434344,274.5462521294719,medium,Q1,4,2,2,8
C0236,144,652,5002.89,15,431,6.625766871165644,34.74229166666667,230.19432515337425,medium,Q1,5,5,1,11
C0237,133,38,10388.91,345,280,105.0,78.1121052631579,8201.771052631579,high,Q1,1,3,1,5
C0238,87,252,21165.57,40,412,10.357142857142856,243.28241379310344,2519.710714285714,high,Q2,5,5,3,13
C0239,62,564,8848.11,278,457,3.2978723404255317,142.71145161290323,470.6441489361702,medium,Q1,2,5,1,8
C0240,126,103,6777.87,88,452,36.699029126213595,53.79261904761905,1974.1368932038836,high,Q1,4,5,1,10
C0241,29,942,43021.08,123,176,0.9235668789808917,1483.4855172413793,1370.0980891719746,low,Q4,4,2,5,11
C0242,117,1426,16053.84,100,439,2.461430575035063,137.2123076923077,337.73856942496496,medium,Q2,4,5,2,11
C0243,19,1760,18069.9,301,455,0.32386363636363635,951.0473684210527,308.0096590909091,low,Q2,1,5,2,8
C0244,130,909,2810.76,12,480,4.29042904290429,21.62123076923077,92.76435643564356,medium,Q1,5,5,1,11
C0245,126,1601,17900.61,129,176,2.3610243597751404,142.06833333333333,335.4267957526546,medium,Q2,4,2,2,8
C0246,17,1800,13277.12,102,115,0.2833333333333333,781.0070588235294,221.28533333333334,low,Q2,4,2,2,8
C0247,152,1574,30543.73,100,293,2.89707750952986,200.94559210526316,582.1549555273189,medium,Q3,4,3,4,11
C0248,84,865,10309.25,71,466,2.9132947976878616,122.72916666666667,357.5462427745665,medium,Q1,4,5,1,10
C0249,158,614,44423.85,334,451,7.719869706840392,281.1636075949367,2170.5464169381107,medium,Q4,1,5,5,11
C0250,9,1786,46486.85,139,286,0.1511758118701008,5165.205555555555,780.854143337066,low,Q4,3,3,5,11
C0251,36,464,5036.56,153,75,2.3275862068965516,139.90444444444447,325.6396551724138,medium,Q1,3,1,1,5
C0252,99,769,5414.78,141,212,3.862158647594278,54.69474747474747,211.23979193758126,medium,Q1,3,3,1,7
C0253,38,162,5810.56,358,358,7.037037037037036,152.90947368421052,1076.0296296296297,medium,Q1,1,4,1,6
C0254,66,1455,30997.48,124,281,1.3608247422680413,469.65878787878785,639.1232989690722,low,Q3,4,3,4,11
C0255,133,1197,6142.35,125,173,3.3333333333333335,46.18308270676692,153.94360902255642,medium,Q1,4,2,1,7
C0256,29,182,42626.5,120,172,4.78021978021978,1469.8793103448277,7026.346153846154,medium,Q4,4,2,5,11
C0257,136,428,37725.86,120,30,9.53271028037383,277.3960294117647,2644.335981308411,medium,Q3,4,1,4,9
C0258,21,1027,40999.45,33,145,0.6134371957156767,1952.3547619047617,1197.6470301850047,low,Q4,5,2,5,12
C0259,36,1000,26326.72,221,335,1.0799999999999998,731.2977777777778,789.8016,low,Q3,2,4,3,9
C0260,118,1470,49834.03,10,121,2.4081632653061225,422.3222881355932,1017.0210204081633,medium,Q4,5,2,5,12
C0261,159,507,2256.55,83,497,9.40828402366864,14.192138364779876,133.52366863905328,medium,Q1,4,5,1,10
C0262,35,1690,20093.18,74,42,0.621301775147929,574.0908571428572,356.6836686390532,low,Q2,4,1,2,7
C0263,60,828,16230.64,107,295,2.1739130434782608,270.5106666666667,588.0666666666666,medium,Q2,4,3,2,9
C0264,186,1507,47434.84,277,249,3.7027206370272063,255.02602150537632,944.290112806901,medium,Q4,2,3,5,10
C0265,198,458,28864.2,219,417,12.96943231441048,145.77878787878788,1890.6681222707423,high,Q3,2,5,3,10
C0266,117,96,40319.24,362,444,36.5625,344.6088888888889,12599.762499999999,high,Q4,1,5,4,10
C0267,90,128,8558.54,129,272,21.09375,95.0948888888889,2005.9078125000003,high,Q1,4,3,1,8
C0268,70,699,48932.78,339,316,3.004291845493562,699.0397142857142,2100.119313304721,medium,Q4,1,4,5,10
C0269,123,1741,24957.05,17,350,2.119471568064331,202.9028455284553,430.04681217690984,medium,Q3,5,4,3,12
C0270,119,117,24708.92,185,261,30.512820512820515,207.6379831932773,6335.620512820513,high,Q2,3,3,3,9
C0271,59,692,48545.69,292,93,2.5578034682080926,822.8083050847458,2104.5819364161853,medium,Q4,1,1,5,7
C0272,5,226,19067.58,195,215,0.6637168141592921,3813.5160000000005,2531.094690265487,low,Q2,3,3,2,8
C0273,31,1703,19906.37,341,121,0.546095126247798,642.1409677419355,350.67005284791543,low,Q2,1,2,2,5
C0274,192,1242,29258.4,115,233,4.63768115942029,152.38750000000002,706.7246376811595,medium,Q3,4,3,3,10
C0275,84,1399,6446.23,13,308,1.8012866333095068,76.74083333333333,138.23223731236598,low,Q1,5,4,1,10
C0276,97,1311,16088.23,283,105,2.2196796338672766,165.8580412371134,368.1517162471396,medium,Q2,2,2,2,6
C0277,94,1210,9700.76,25,125,2.330578512396694,103.1995744680851,240.51471074380166,medium,Q1,5,2,1,8
C0278,157,1419,5209.01,280,412,3.3192389006342498,33.178407643312106,110.12706131078225,medium,Q1,2,5,1,8
C0279,13,44,43313.92,268,189,8.863636363636365,3331.8399999999997,29532.21818181818,medium,Q4,2,2,5,9
C0280,17,1584,29487.09,309,100,0.32196969696969696,1734.534705882353,558.4676136363637,low,Q3,1,1,3,5
C0281,56,1358,17965.71,175,357,1.2371134020618557,320.81624999999997,396.8860824742268,low,Q2,3,4,2,9
C0282,98,1358,20463.04,327,359,2.1649484536082473,208.8065306122449,452.0553755522828,medium,Q2,1,4,2,7
C0283,135,736,21604.37,62,414,5.502717391304348,160.03237037037036,880.6129076086955,medium,Q2,5,5,3,13
C0284,99,1468,31675.8,159,380,2.0231607629427795,319.95757575757574,647.3256130790191,medium,Q3,3,4,4,11
C0285,89,715,46342.13,45,496,3.7342657342657346,520.6980898876404,1944.425034965035,medium,Q4,5,5,5,15
C0286,188,117,46642.34,280,288,48.205128205128204,248.09755319148934,11959.574358974358,high,Q4,2,3,5,10
C0287,33,1660,19605.02,261,144,0.5963855421686747,594.0915151515152,354.30759036144576,low,Q2,2,2,2,6
C0288,115,451,16496.66,295,432,7.6496674057649665,143.44921739130436,1097.3388026607538,medium,Q2,1,5,2,8
C0289,109,213,22579.77,279,133,15.352112676056338,207.1538532110092,3180.249295774648,high,Q2,2,2,3,7
C0290,95,1146,28418.31,113,146,2.486910994764398,299.1401052631579,743.9348167539267,medium,Q3,4,2,3,9
C0291,162,449,23117.8,25,415,10.824053452115812,142.70246913580246,1544.619153674833,high,Q2,5,5,3,13
C0292,54,1571,32954.73,340,441,1.031190324633991,610.2727777777778,629.3073838319542,low,Q3,1,5,4,10
C0293,191,826,27742.23,180,170,6.937046004842615,145.247277486911,1007.5870460048426,medium,Q3,3,2,3,8
C0294,67,38,16069.74,35,365,52.89473684210527,239.84686567164178,12686.636842105263,high,Q2,5,4,2,11
C0295,110,1739,17319.25,339,462,1.897642323174238,157.44772727272726,298.779470960322,low,Q2,1,5,2,8
C0296,105,954,18960.71,363,400,3.30188679245283,180.57819047619046,596.2487421383647,medium,Q2,1,4,2,7
C0297,170,502,4777.26,163,3,10.159362549800797,28.10152941176471,285.493625498008,high,Q1,3,1,1,5
C0298,88,1246,8344.83,282,333,2.1187800963081864,94.82761363636364,200.91886035313001,medium,Q1,2,4,1,7
C0299,57,982,36169.53,14,85,1.7413441955193483,634.5531578947368,1104.9754582484725,low,Q3,5,1,4,10
C0300,5,83,19485.38,35,424,1.8072289156626506,3897.076,7042.90843373494,low,Q2,5,5,2,12
C0301,73,1394,10766.22,101,34,1.5710186513629842,147.48246575342466,231.69770444763267,low,Q1,4,1,2,7
C0302,166,750,28155.49,240,497,6.64,169.61138554216868,1126.2196000000001,medium,Q3,2,5,3,10
C0303,2,1286,37789.2,49,89,0.04665629860031104,18894.6,881.552099533437,low,Q3,5,1,4,10
C0304,180,1638,12908.25,13,211,3.2967032967032965,71.7125,236.41483516483515,medium,Q2,5,3,2,10
C0305,109,1126,41348.15,245,118,2.9040852575488456,379.3408256880734,1101.6380994671404,medium,Q4,2,2,5,9
C0306,29,1236,46378.87,282,407,0.703883495145631,1599.2713793103449,1125.70072815534,low,Q4,2,5,5,12
C0307,61,487,29889.86,270,197,3.757700205338809,489.9977049180328,1841.264476386037,medium,Q3,2,2,3,7
C0308,111,456,33463.94,292,373,7.302631578947369,301.47693693693697,2201.5750000000003,medium,Q3,1,4,4,9
C0309,64,775,2676.17,294,34,2.47741935483871,41.81515625,103.59367741935485,medium,Q1,1,1,1,3
C0310,22,1561,47278.72,220,227,0.4228058936579116,2149.0327272727272,908.6237027546446,low,Q4,2,3,5,10
C0311,134,971,19654.61,190,456,4.140061791967044,146.67619402985076,607.2485066941298,medium,Q2,3,5,2,10
C0312,135,655,46198.83,313,464,6.183206106870229,342.21355555555556,2115.9769465648856,medium,Q4,1,5,5,11
C0313,24,1430,28969.93,128,105,0.5034965034965035,1207.0804166666667,607.7607692307693,low,Q3,4,2,3,9
C0314,57,1562,280.71,36,198,1.0947503201024327,4.924736842105263,5.39135723431498,low,Q1,5,2,1,8
C0315,49,1650,1975.17,275,205,0.8909090909090909,40.3095918367347,35.91218181818182,low,Q1,2,3,1,6
C0316,132,566,34036.92,101,283,6.996466431095406,257.8554545454545,1804.07703180212,medium,Q3,4,3,4,11
C0317,147,1304,28155.27,358,269,3.3819018404907975,191.53244897959183,647.7439417177914,medium,Q3,1,3,3,7
C0318,146,1090,1375.3,152,53,4.0183486238532105,9.41986301369863,37.85229357798165,medium,Q1,3,1,1,5
C0319,188,836,37185.83,311,382,6.746411483253588,197.79696808510639,1334.4197368421053,medium,Q3,1,4,4,9
C0320,154,742,42614.66,16,113,6.226415094339623,276.71857142857147,1722.9646900269543,medium,Q4,5,2,5,12
C0321,65,235,24846.05,241,158,8.297872340425533,382.24692307692305,3171.836170212766,medium,Q2,2,2,3,7
C0322,22,523,23314.58,164,421,1.2619502868068833,1059.7536363636364,1337.3564053537286,low,Q2,3,5,3,11
C0323,123,1017,323.38,169,345,3.6283185840707968,2.6291056910569104,9.539233038348083,medium,Q1,3,4,1,8
C0324,184,1622,39343.15,97,199,3.4032059186189887,213.82146739130437,727.6784833538841,medium,Q4,4,2,4,10
C0325,196,1585,16569.27,355,457,3.7097791798107256,84.5370918367347,313.6139432176656,medium,Q2,1,5,2,8
C0326,47,366,43944.24,144,198,3.8524590163934427,934.983829787234,3601.9868852459017,medium,Q4,3,2,5,10
C0327,48,1250,18684.38,311,283,1.1520000000000001,389.2579166666667,448.42512000000005,low,Q2,1,3,2,6
C0328,8,182,28275.64,156,123,1.3186813186813187,3534.455,4660.81978021978,low,Q3,3,2,3,8
C0329,29,1242,13553.57,18,92,0.7004830917874396,467.3644827586207,327.3809178743961,low,Q2,5,1,2,8
C0330,111,644,8071.39,321,246,5.17080745341615,72.71522522522523,375.9964285714286,medium,Q1,1,3,1,5
C0331,110,837,38756.65,68,282,3.9426523297491043,352.33318181818186,1389.1272401433694,medium,Q4,5,3,4,12
C0332,75,1318,24854.69,99,403,1.7071320182094083,331.3958666666667,565.7364946889227,low,Q3,4,5,3,12
C0333,62,793,26847.57,315,196,2.3455233291298865,433.02532258064514,1015.6709962168978,medium,Q3,1,2,3,6
C0334,166,1480,48272.53,327,448,3.364864864864865,290.7983734939759,978.4972297297296,medium,Q4,1,5,5,11
C0335,93,988,48180.82,335,304,2.8238866396761138,518.0733333333334,1462.9803643724697,medium,Q4,1,4,5,10
C0336,162,1823,42789.32,156,36,2.6659352715304445,264.1316049382716,704.1577619308831,medium,Q4,3,1,5,9
C0337,193,1176,9421.08,277,370,4.923469387755102,48.813886010362694,240.33367346938775,medium,Q1,2,4,1,7
C0338,64,562,29733.92,120,288,3.4163701067615655,464.5925,1587.2199288256227,medium,Q3,4,3,3,10
C0339,41,1422,43913.46,271,195,0.8649789029535865,1071.06,926.4443037974684,low,Q4,2,2,5,9
C0340,191,762,18754.47,184,234,7.51968503937008,98.19094240837697,738.3649606299214,medium,Q2,3,3,2,8
C0341,127,989,5100.25,19,151,3.8523761375126386,40.15944881889764,154.70930232558138,medium,Q1,5,2,1,8
C0342,59,275,40557.6,153,308,6.4363636363636365,687.4169491525423,4424.465454545455,medium,Q4,3,4,4,11
C0343,125,244,24114.09,171,284,15.368852459016395,192.91272,2964.847131147541,high,Q2,3,3,3,9
C0344,104,1062,28241.41,94,224,2.937853107344633,271.55201923076925,797.7799435028248,medium,Q3,4,3,3,10
C0345,182,365,49108.11,137,143,14.958904109589042,269.8247802197802,4036.2830136986304,high,Q4,4,2,5,11
C0346,52,1821,30380.21,184,200,0.85667215815486,584.2348076923076,500.49769357495876,low,Q3,3,2,3,8
C0347,199,1566,21277.72,19,249,3.812260536398467,106.92321608040201,407.6191570881226,medium,Q2,5,3,3,11
C0348,188,1288,18530.72,56,236,4.37888198757764,98.5676595744681,431.61614906832307,medium,Q2,5,3,2,10
C0349,37,1349,20910.08,280,155,0.8228317272053373,565.1372972972973,465.01289844329136,low,Q2,2,2,3,7
C0350,33,1099,5964.03,129,291,0.9008189262966333,180.7281818181818,162.80336669699727,low,Q1,4,3,1,8
C0351,107,138,39747.79,223,114,23.260869565217394,371.4746728971963,8640.82391304348,high,Q4,2,2,4,8
C0352,9,734,41893.96,207,251,0.36784741144414174,4654.884444444444,1712.2871934604905,low,Q4,3,3,5,11
C0353,60,920,14255.64,202,61,1.9565217391304348,237.594,464.8578260869565,low,Q2,3,1,2,6
C0354,88,1673,15224.64,151,237,1.5780035863717872,173.00727272727272,273.0060968320382,low,Q2,3,3,2,8
C0355,194,424,43723.0,177,392,13.726415094339623,225.3762886597938,3093.6084905660377,high,Q4,3,4,5,12
C0356,199,922,1247.32,301,409,6.475054229934924,6.267939698492462,40.58524945770065,medium,Q1,1,5,1,7
C0357,31,647,26046.85,353,348,1.437403400309119,840.2209677419354,1207.7364760432765,low,Q3,1,4,3,8
C0358,179,271,23210.6,94,373,19.81549815498155,129.66815642458099,2569.439114391144,high,Q2,4,4,3,11
C0359,19,215,34521.83,245,33,2.6511627906976742,1816.9384210526316,4816.999534883721,medium,Q3,2,1,4,7
C0360,150,686,8211.42,354,171,6.559766763848397,54.7428,359.1,medium,Q1,1,2,1,4
C0361,170,178,33433.12,3,328,28.651685393258425,196.6654117647059,5634.795505617978,high,Q3,5,4,4,13
C0362,179,150,18867.86,287,401,35.8,105.40703910614525,3773.572,high,Q2,2,5,2,9
C0363,45,660,30954.8,182,292,2.0454545454545454,687.8844444444444,1407.0363636363636,medium,Q3,3,3,4,10
C0364,179,392,2052.75,354,427,13.698979591836736,11.467877094972067,157.09821428571428,high,Q1,1,5,1,7
C0365,24,1026,23113.27,212,137,0.7017543859649122,963.0529166666666,675.8266081871344,low,Q2,2,2,3,7
C0366,104,61,26136.43,306,77,51.14754098360656,251.31182692307692,12853.981967213116,high,Q3,1,1,3,5
C0367,94,572,10755.6,61,44,4.93006993006993,114.42127659574469,564.1048951048951,medium,Q1,5,1,2,8
C0368,64,844,7024.2,52,292,2.2748815165876777,109.753125,249.67535545023696,medium,Q1,5,3,1,9
C0369,5,1759,9464.29,339,333,0.08527572484366117,1892.8580000000002,161.4148379761228,low,Q1,1,4,1,6
C0370,155,1169,17239.85,193,143,3.97775876817793,111.22483870967741,442.42557741659533,medium,Q2,3,2,2,7
C0371,68,1611,4885.67,204,392,1.266294227188082,71.84808823529411,90.98081936685288,low,Q1,3,4,1,8
C0372,133,646,47368.62,63,370,6.1764705882352935,356.15503759398496,2199.7811145510836,medium,Q4,5,4,5,14
C0373,83,837,20279.45,83,181,2.9749103942652333,244.33072289156627,726.8620071684588,medium,Q2,4,2,2,8
C0374,75,785,40458.03,299,120,2.8662420382165603,539.4404,1546.1667515923566,medium,Q4,1,2,4,7
C0375,178,1623,48722.14,111,372,3.290203327171904,273.71988764044943,900.5940850277264,medium,Q4,4,4,5,13
C0376,19,1752,4082.73,214,336,0.3253424657534247,214.88052631578947,69.90976027397261,low,Q1,2,4,1,7
C0377,148,1758,32600.89,116,86,2.525597269624573,220.27628378378378,556.329180887372,medium,Q3,4,1,4,9
C0378,150,1380,43576.88,97,128,3.260869565217391,290.5125333333333,947.3234782608695,medium,Q4,4,2,5,11
C0379,76,933,31730.01,61,243,2.4437299035369775,417.50013157894733,1020.2575562700964,medium,Q3,5,3,4,12
C0380,53,1001,21479.85,340,256,1.5884115884115884,405.28018867924527,643.7517482517482,low,Q2,1,3,3,7
C0381,2,1790,21582.26,344,83,0.0335195530726257,10791.13,361.71385474860335,low,Q2,1,1,3,5
C0382,188,541,1843.15,43,475,10.42513863216266,9.803989361702127,102.2079482439926,high,Q1,5,5,1,11
C0383,190,652,26753.31,129,195,8.742331288343557,140.8068947368421,1230.9805214723926,medium,Q3,4,2,3,9
C0384,49,1641,49677.47,206,191,0.8957952468007312,1013.825918367347,908.1804387568556,low,Q4,3,2,5,10
C0385,7,723,47937.44,140,31,0.2904564315352697,6848.205714285715,1989.1053941908713,low,Q4,3,1,5,9
C0386,25,452,2067.94,264,438,1.6592920353982301,82.7176,137.25265486725664,low,Q1,2,5,1,8
C0387,14,1036,35304.56,95,118,0.40540540540540543,2521.7542857142857,1022.3328185328186,low,Q3,4,2,4,10
C0388,167,614,15123.16,22,494,8.159609120521173,90.55784431137724,738.9166123778502,medium,Q2,5,5,2,12
C0389,179,1630,45154.31,123,249,3.294478527607362,252.25871508379888,831.0609202453987,medium,Q4,4,3,5,12
C0390,31,1662,2303.48,219,438,0.5595667870036102,74.30580645161291,41.579061371841156,low,Q1,2,5,1,8
C0391,150,579,46796.91,66,90,7.772020725388601,311.9794,2424.710362694301,medium,Q4,5,1,5,11
C0392,36,981,41881.91,298,83,1.1009174311926604,1163.386388888889,1280.7923547400612,low,Q4,1,1,5,7
C0393,74,1797,5919.34,5,401,1.2353923205342237,79.99108108108108,98.820367278798,low,Q1,5,5,1,11
C0394,120,1363,3038.23,25,410,2.641232575201761,25.318583333333333,66.87226705796039,medium,Q1,5,5,1,11
C0395,144,417,41743.65,186,272,10.359712230215827,289.88645833333334,3003.140287769784,high,Q4,3,3,5,11
C0396,175,1090,7830.1,187,17,4.816513761467889,44.74342857142857,215.5073394495413,medium,Q1,3,1,1,5
C0397,9,1143,26768.16,108,472,0.23622047244094488,2974.24,702.5763779527558,low,Q3,4,5,3,12
C0398,40,1203,45791.46,95,197,0.997506234413965,1144.7865,1141.9316708229426,low,Q4,4,2,5,11
C0399,57,74,28394.03,26,468,23.108108108108105,498.14087719298243,11511.093243243242,high,Q3,5,5,3,13
C0400,63,567,19891.8,242,436,3.3333333333333335,315.74285714285713,1052.4761904761906,medium,Q2,2,5,2,9
C0401,200,1564,22278.55,139,426,3.836317135549872,111.39274999999999,427.337915601023,medium,Q2,3,5,3,11
C0402,156,463,3202.7,44,345,10.107991360691145,20.530128205128204,207.5183585313175,high,Q1,5,4,1,10
C0403,65,568,48439.18,146,337,3.4330985915492955,745.2181538461539,2558.407394366197,medium,Q4,3,4,5,12
C0404,195,609,15567.18,343,267,9.605911330049262,79.83169230769231,766.856157635468,medium,Q2,1,3,2,6
C0405,100,348,9508.71,96,13,8.620689655172415,95.08709999999999,819.7163793103448,medium,Q1,4,1,1,6
C0406,101,309,14338.06,327,194,9.805825242718447,141.9609900990099,1392.0446601941746,medium,Q2,1,2,2,5
C0407,87,653,48220.44,95,366,3.996937212863706,554.2579310344828,2215.33415007657,medium,Q4,4,4,5,13
C0408,29,1600,4759.59,68,407,0.54375,164.1237931034483,89.2423125,low,Q1,5,5,1,11
C0409,187,32,43371.79,96,280,175.3125,231.93470588235294,40661.053125,high,Q4,4,3,5,12
C0410,3,538,35406.8,118,355,0.16728624535315986,11802.266666666668,1974.3568773234201,low,Q3,4,4,4,12
C0411,35,138,41509.46,45,11,7.608695652173914,1185.9845714285714,9023.795652173914,medium,Q4,5,1,5,11
C0412,46,1038,48796.08,215,235,1.329479768786127,1060.784347826087,1410.2913294797688,low,Q4,2,3,5,10
C0413,56,480,42115.63,122,254,3.5,752.0648214285713,2632.226875,medium,Q4,4,3,5,12
C0414,27,1452,47171.95,263,447,0.5578512396694215,1747.1092592592593,974.6270661157024,low,Q4,2,5,5,12
C0415,4,1080,6390.42,180,156,0.1111111111111111,1597.605,177.51166666666666,low,Q1,3,2,1,6
C0416,136,1437,39799.64,162,115,2.8392484342379958,292.64441176470586,830.8901878914405,medium,Q4,3,2,4,9
C0417,194,1170,27306.5,172,177,4.9743589743589745,140.75515463917526,700.1666666666666,medium,Q3,3,2,3,8
C0418,25,817,27197.6,58,86,0.9179926560587515,1087.904,998.6878824969399,low,Q3,5,1,3,9
C0419,60,1576,44951.13,261,280,1.1421319796954315,749.1854999999999,855.6687182741117,low,Q4,2,3,5,10
C0420,102,885,48591.6,39,322,3.457627118644068,476.38823529411764,1647.172881355932,medium,Q4,5,4,5,14
C0421,186,1736,35256.67,264,401,3.2142857142857144,189.5519892473118,609.2742511520737,medium,Q3,2,5,4,11
C0422,139,1816,24172.77,365,486,2.2962555066079298,173.9048201438849,399.3299008810573,medium,Q2,1,5,3,9
C0423,154,1087,22847.37,279,37,4.250229990800368,148.35954545454544,630.5621895124194,medium,Q2,2,1,3,6
C0424,117,1241,19347.76,167,124,2.828364222401289,165.36547008547006,467.7137792103142,medium,Q2,3,2,2,7
C0425,84,489,18111.87,115,151,5.153374233128834,215.61749999999998,1111.1576687116562,medium,Q2,4,2,2,8
C0426,40,1493,19605.77,319,125,0.8037508372404555,490.14425,393.95385130609515,low,Q2,1,2,2,5
C0427,173,1236,4533.17,94,414,4.199029126213592,26.20329479768786,110.02839805825242,medium,Q1,4,5,1,10
C0428,161,1650,3917.93,177,70,2.9272727272727272,24.334968944099376,71.2350909090909,medium,Q1,3,1,1,5
C0429,6,509,39004.5,282,15,0.35363457760314343,6500.75,2298.8899803536347,low,Q4,2,1,4,7
C0430,144,1444,22331.34,337,431,2.9916897506925206,155.07875,463.9475069252078,medium,Q2,1,5,3,9
C0431,17,874,46537.69,337,481,0.5835240274599542,2737.5111764705885,1597.4035469107553,low,Q4,1,5,5,11
C0432,148,362,30630.44,33,114,12.265193370165747,206.96243243243242,2538.4342541436463,high,Q3,5,2,4,11
C0433,166,337,1807.04,328,167,14.777448071216618,10.88578313253012,160.86409495548963,high,Q1,1,2,1,4
C0434,27,1039,7918.29,42,252,0.7795957651588066,293.27,228.6320500481232,low,Q1,5,3,1,9
C0435,87,603,10330.7,214,263,4.3283582089552235,118.74367816091954,513.9651741293533,medium,Q1,2,3,1,6
C0436,25,213,48788.01,340,496,3.5211267605633805,1951.5204,6871.550704225353,medium,Q4,1,5,5,11
C0437,114,797,10974.28,240,203,4.291091593475533,96.26561403508772,413.08456712672523,medium,Q1,2,2,2,6
C0438,186,1202,25812.0,346,7,4.642262895174708,138.7741935483871,644.2262895174708,medium,Q3,1,1,3,5
C0439,17,602,46812.04,126,212,0.8471760797342193,2753.6494117647057,2332.8259136212623,low,Q4,4,3,5,12
C0440,80,1745,48860.78,115,279,1.3753581661891119,610.7597499999999,840.0134097421203,low,Q4,4,3,5,12
C0441,195,1430,11856.2,120,259,4.090909090909091,60.801025641025646,248.73146853146855,medium,Q1,4,3,2,9
C0442,61,950,2503.43,130,257,1.9263157894736842,41.039836065573766,79.05568421052631,low,Q1,4,3,1,8
C0443,27,1708,7722.41,250,462,0.47423887587822017,286.0151851851852,135.6395199063232,low,Q1,2,5,1,8
C0444,98,807,3213.26,166,404,3.643122676579926,32.78836734693878,119.45204460966544,medium,Q1,3,5,1,9
C0445,102,280,9796.46,270,126,10.928571428571427,96.04372549019607,1049.620714285714,high,Q1,2,2,1,5
C0446,133,94,28450.06,152,178,42.4468085106383,213.9102255639098,9079.806382978724,high,Q3,3,2,3,8
C0447,63,1714,45626.82,113,334,1.102683780630105,724.2352380952381,798.6024504084014,low,Q4,4,4,5,13
C0448,192,1753,26884.08,70,206,3.2857957786651455,140.02125,460.08123217341705,medium,Q3,5,3,3,11
C0449,105,1357,31318.18,202,215,2.3212969786293294,298.26838095238094,692.3694915254238,medium,Q3,3,3,4,10
C0450,58,214,10133.27,328,84,8.130841121495326,174.71155172413793,1420.5518691588784,medium,Q1,1,1,1,3
C0451,193,557,40039.15,314,128,10.394973070017954,207.45673575129535,2156.507181328546,high,Q4,1,2,4,7
C0452,185,103,30908.56,93,371,53.88349514563107,167.0732972972973,9002.493203883496,high,Q3,4,4,4,12
C0453,100,122,43213.63,175,422,24.59016393442623,432.13629999999995,10626.302459016393,high,Q4,3,5,5,13
C0454,5,471,47444.71,258,393,0.3184713375796179,9488.942,3021.956050955414,low,Q4,2,4,5,11
C0455,120,1057,17427.64,224,154,3.4058656575212867,145.23033333333333,494.63500473036896,medium,Q2,2,2,2,6
C0456,112,147,4574.42,25,69,22.857142857142854,40.84303571428571,933.5551020408162,high,Q1,5,1,1,7
C0457,30,1798,11335.15,216,80,0.5005561735261402,377.8383333333333,189.1293103448276,low,Q1,2,1,2,5
C0458,127,847,21920.19,15,197,4.498229043683589,172.59992125984252,776.3939787485241,medium,Q2,5,2,3,10
C0459,169,503,47287.4,43,259,10.079522862823062,279.807100591716,2820.3220675944335,high,Q4,5,3,5,13
C0460,22,956,18946.58,239,447,0.6903765690376569,861.2081818181819,594.5579497907951,low,Q2,2,5,2,9
C0461,145,1449,38550.12,38,450,3.0020703933747415,265.86289655172413,798.1391304347827,medium,Q4,5,5,4,14
C0462,29,591,27046.81,124,2,1.4720812182741116,932.6486206896552,1372.9345177664975,low,Q3,4,1,3,8
C0463,150,115,9181.3,215,354,39.130434782608695,61.20866666666666,2395.1217391304344,high,Q1,2,4,1,7
C0464,84,121,16070.67,240,150,20.826446280991735,191.3175,3984.4636363636364,high,Q2,2,2,2,6
C0465,2,1560,32676.93,163,99,0.038461538461538464,16338.465,628.4025,low,Q3,3,1,4,8
C0466,194,230,33659.03,35,278,25.304347826086957,173.50015463917526,4390.308260869565,high,Q3,5,3,4,12
C0467,34,1171,21766.25,292,17,0.8710503842869343,640.1838235294117,557.6323654995731,low,Q2,1,1,3,5
C0468,120,720,11470.85,347,168,5.0,95.59041666666667,477.95208333333335,medium,Q1,1,2,2,5
C0469,37,1426,36109.24,325,277,0.7784011220196354,975.9254054054054,759.6614305750351,low,Q3,1,3,4,8
C0470,187,138,8485.21,274,137,40.652173913043484,45.37545454545454,1844.6108695652174,high,Q1,2,2,1,5
C0471,148,1642,46836.65,147,297,2.704019488428745,316.46385135135137,855.7244214372716,medium,Q4,3,4,5,12
C0472,161,1283,9435.78,320,231,3.764614185502728,58.60732919254659,220.63398285268903,medium,Q1,1,3,1,5
C0473,87,836,5410.25,179,400,3.1220095693779903,62.1867816091954,194.14772727272728,medium,Q1,3,4,1,8
C0474,94,401,24907.5,50,91,7.032418952618453,264.97340425531917,1863.4039900249377,medium,Q3,5,1,3,9
C0475,127,1784,26001.5,311,29,2.1356502242152464,204.73622047244095,437.24495515695065,medium,Q3,1,1,3,5
C0476,157,572,25434.24,117,265,8.234265734265735,162.00152866242038,1333.9636363636364,medium,Q3,4,3,3,10
C0477,170,910,21861.54,343,129,5.604395604395605,128.59729411764707,720.71010989011,medium,Q2,1,2,3,6
C0478,4,737,49741.0,135,354,0.1628222523744912,12435.25,2024.7354138398914,low,Q4,4,4,5,13
C0479,133,444,24339.72,318,47,8.986486486486486,183.0054135338346,1644.5756756756757,medium,Q2,1,1,3,5
C0480,22,778,23923.43,197,288,0.8483290488431876,1087.4286363636363,922.4973007712082,low,Q2,3,3,3,9
C0481,58,302,21117.21,171,495,5.7615894039735105,364.08982758620687,2097.7360927152317,medium,Q2,3,5,3,11
C0482,166,32,3387.95,109,47,155.625,20.40933734939759,3176.203125,high,Q1,4,1,1,6
C0483,51,550,29668.18,306,151,2.781818181818182,581.7290196078432,1618.2643636363637,medium,Q3,1,2,3,6
C0484,160,231,11436.99,23,423,20.77922077922078,71.4811875,1485.3233766233766,high,Q1,5,5,2,12
C0485,93,774,31898.57,172,267,3.6046511627906974,342.995376344086,1236.3786821705426,medium,Q3,3,3,4,10
C0486,47,1579,2589.13,135,88,0.8929702343255225,55.087872340425534,49.19183027232426,low,Q1,4,1,1,6
C0487,67,321,49070.29,199,107,6.261682242990655,732.3923880597015,4586.008411214953,medium,Q4,3,2,5,10
C0488,107,32,23476.8,93,383,100.3125,219.40934579439252,22009.5,high,Q2,4,4,3,11
C0489,154,229,44842.93,243,431,20.17467248908297,291.1878571428571,5874.619650655021,high,Q4,2,5,5,12
C0490,122,942,23804.28,141,181,3.8853503184713376,195.11704918032785,758.0980891719745,medium,Q2,3,2,3,8
C0491,187,523,3063.52,69,237,10.72657743785851,16.38245989304813,175.72772466539197,high,Q1,5,3,1,9
C0492,174,909,41119.57,72,392,5.742574257425742,236.31936781609195,1357.081518151815,medium,Q4,4,4,5,13
C0493,151,82,32426.78,255,89,55.24390243902439,214.74688741721855,11863.456097560975,high,Q3,2,1,4,7
C0494,121,628,39098.76,96,104,5.780254777070064,323.13024793388433,1867.7751592356688,medium,Q4,4,1,4,9
C0495,58,766,21437.08,113,388,2.2715404699738904,369.6048275862069,839.5723237597912,medium,Q2,4,4,3,11
C0496,83,804,31914.94,229,94,3.0970149253731343,384.51734939759035,1190.8559701492536,medium,Q3,2,1,4,7
C0497,24,1019,42818.64,121,386,0.7065750736015701,1784.11,1260.6076545632973,low,Q4,4,4,5,13
C0498,75,1431,31571.72,142,249,1.572327044025157,420.9562666666667,661.8809224318658,low,Q3,3,3,4,10
C0499,186,869,17416.3,90,496,6.421173762945915,93.63602150537633,601.253164556962,medium,Q2,4,5,2,11
C0500,86,1540,33143.35,127,17,1.6753246753246753,385.3877906976744,645.6496753246753,low,Q3,4,1,4,9
C0501,23,981,33609.12,253,473,0.7033639143730887,1461.2660869565218,1027.8018348623852,low,Q3,2,5,4,11
C0502,131,497,48031.32,195,113,7.907444668008049,366.65129770992365,2899.2748490945673,medium,Q4,3,2,5,10
C0503,193,441,18577.07,365,18,13.129251700680273,96.25424870466321,1263.7462585034014,high,Q2,1,1,2,4
C0504,174,609,21282.83,282,363,8.571428571428571,122.31511494252875,1048.4152709359607,medium,Q2,2,4,3,9
C0505,55,1103,40615.54,7,267,1.4959202175883952,738.4643636363636,1104.683771532185,low,Q4,5,3,4,12
C0506,91,465,25312.83,139,419,5.870967741935484,278.16296703296706,1633.085806451613,medium,Q3,3,5,3,11
C0507,107,1671,36841.83,106,55,1.9210053859964091,344.3161682242991,661.4332136445242,low,Q3,4,1,4,9
C0508,50,891,23012.49,215,41,1.6835016835016836,460.24980000000005,774.8313131313132,low,Q2,2,1,3,6
C0509,54,1580,10813.98,97,284,1.0253164556962027,200.2588888888889,205.32873417721518,low,Q1,4,3,2,9
C0510,48,1257,37272.93,353,442,1.1455847255369929,776.519375,889.5687350835323,low,Q3,1,5,4,10
C0511,199,628,6601.2,110,203,9.506369426751592,33.17185929648241,315.343949044586,medium,Q1,4,2,1,7
C0512,150,439,9969.25,191,399,10.250569476082005,66.46166666666667,681.2699316628701,high,Q1,3,4,1,8
C0513,169,1366,31359.91,45,454,3.711566617862372,185.5615976331361,688.7242313323572,medium,Q3,5,5,4,14
C0514,164,624,37376.13,333,435,7.884615384615384,227.90323170731705,1796.9293269230768,medium,Q3,1,5,4,10
C0515,192,473,44739.66,333,255,12.177589852008456,233.01906250000002,2837.6105708245245,high,Q4,1,3,5,9
C0516,22,1700,13665.7,290,350,0.38823529411764707,621.1681818181819,241.1594117647059,low,Q2,2,4,2,8
C0517,177,896,5580.68,129,263,5.926339285714286,31.529265536723166,186.853125,medium,Q1,4,3,1,8
C0518,14,117,47804.53,22,338,3.58974358974359,3414.6092857142858,12257.571794871796,medium,Q4,5,4,5,14
C0519,96,918,7763.43,260,284,3.1372549019607843,80.8690625,253.70686274509805,medium,Q1,2,3,1,6
C0520,119,857,9923.47,157,263,4.165694282380397,83.39050420168067,347.3793465577596,medium,Q1,3,3,1,7
C0521,72,1581,14601.91,362,219,1.366223908918406,202.80430555555554,277.0760910815939,low,Q2,1,3,2,6
C0522,30,1307,26493.1,255,327,0.6885998469778117,883.1033333333332,608.1048201989288,low,Q3,2,4,3,9
C0523,39,373,44147.14,197,376,3.136729222520107,1131.9779487179487,3550.708310991957,medium,Q4,3,4,5,12
C0524,165,300,38039.27,361,460,16.5,230.54103030303028,3803.9269999999997,high,Q3,1,5,4,10
C0525,64,1114,35422.47,293,307,1.7235188509874326,553.47609375,953.9264811490126,low,Q3,1,4,4,9
C0526,63,115,8800.27,168,51,16.434782608695652,139.6868253968254,2295.722608695652,high,Q1,3,1,1,5
C0527,185,602,17916.25,7,294,9.219269102990033,96.8445945945946,892.8363787375415,medium,Q2,5,3,2,10
C0528,29,278,23946.33,34,158,3.1294964028776975,825.7355172413794,2584.136330935252,medium,Q2,5,2,3,10
C0529,184,66,7413.93,162,14,83.63636363636363,40.29309782608696,3369.9681818181816,high,Q1,3,1,1,5
C0530,185,1680,13707.81,206,37,3.3035714285714284,74.09627027027027,244.7823214285714,medium,Q2,3,1,2,6
C0531,120,191,15451.24,12,296,18.848167539267017,128.76033333333334,2426.8963350785343,high,Q2,5,4,2,11
C0532,34,46,6407.45,47,473,22.173913043478258,188.45441176470587,4178.771739130434,high,Q1,5,5,1,11
C0533,32,1705,27534.47,258,253,0.563049853372434,860.4521875,484.4774780058651,low,Q3,2,3,3,8
C0534,57,368,35266.16,275,223,4.646739130434782,618.7045614035088,2874.958695652174,medium,Q3,2,3,4,9
C0535,116,1496,3543.08,11,45,2.3262032085561497,30.543793103448277,71.05106951871657,medium,Q1,5,1,1,7
C0536,31,86,24082.1,186,338,10.813953488372093,776.8419354838709,8400.732558139534,high,Q2,3,4,3,10
C0537,92,305,39121.45,30,28,9.049180327868854,425.233152173913,3848.011475409836,medium,Q4,5,1,4,10
C0538,24,228,37412.11,265,421,3.1578947368421053,1558.8379166666666,4922.64605263158,medium,Q3,2,5,4,11
C0539,109,1298,40762.9,305,409,2.519260400616333,373.97155963302754,942.1317411402158,medium,Q4,1,5,4,10
C0540,5,1143,22439.62,318,496,0.13123359580052493,4487.924,588.966404199475,low,Q2,1,5,3,9
C0541,142,884,41036.83,219,143,4.8190045248868785,288.9917605633803,1392.6526018099548,medium,Q4,2,2,5,9
C0542,12,463,12075.62,230,81,0.7775377969762419,1006.3016666666667,782.4375809935206,low,Q1,2,1,2,5
C0543,39,189,18072.49,339,150,6.190476190476191,463.3971794871795,2868.649206349207,medium,Q2,1,2,2,5
C0544,35,1052,8858.96,224,400,0.9980988593155893,253.11314285714283,252.63193916349806,low,Q1,2,4,1,7
C0545,167,444,23400.85,163,110,11.283783783783782,140.1248502994012,1581.1385135135133,high,Q2,3,2,3,8
C0546,11,1089,19633.4,276,444,0.30303030303030304,1784.8545454545456,540.8650137741048,low,Q2,2,5,2,9
C0547,86,1264,12084.31,216,78,2.0411392405063293,140.51523255813953,286.81115506329115,medium,Q1,2,1,2,5
C0548,119,1555,37601.45,308,25,2.295819935691318,315.9785714285714,725.4299035369773,medium,Q3,1,1,4,6
C0549,104,917,15726.65,192,110,3.4023991275899674,151.21778846153845,514.5032715376227,medium,Q2,3,2,2,7
C0550,137,38,13676.58,318,378,108.15789473684211,99.82905109489052,10797.300000000001,high,Q2,1,4,2,7
C0551,161,534,6587.97,17,302,9.044943820224718,40.91906832298137,370.1106741573034,medium,Q1,5,4,1,10
C0552,79,1562,21969.14,14,178,1.5172855313700384,278.0903797468354,421.94250960307295,low,Q2,5,2,3,10
C0553,166,987,15183.08,37,329,5.045592705167174,91.4643373493976,461.49179331306993,medium,Q2,5,4,2,11
C0554,64,1141,18495.18,204,325,1.68273444347064,288.9871875,486.28869412795797,low,Q2,3,4,2,9
C0555,197,852,11838.06,259,278,6.93661971830986,60.09167512690355,416.8330985915493,medium,Q1,2,3,2,7
C0556,101,322,38169.62,79,258,9.409937888198758,377.9170297029703,3556.175776397516,medium,Q4,4,3,4,11
C0557,148,1640,46503.67,57,51,2.707317073170732,314.2139864864865,850.6768902439024,medium,Q4,5,1,5,11
C0558,176,1418,24921.7,315,130,3.7235543018335684,141.60056818181818,527.2574047954867,medium,Q3,1,2,3,6
C0559,159,1817,32167.77,274,264,2.6252063841496973,202.31301886792454,531.1134287286736,medium,Q3,2,3,4,9
C0560,171,1566,43365.26,237,68,3.275862068965517,253.59801169590645,830.7521072796935,medium,Q4,2,1,5,8
C0561,108,552,49941.54,179,238,5.869565217391305,462.4216666666667,2714.214130434783,medium,Q4,3,3,5,11
C0562,9,486,30695.15,154,59,0.5555555555555556,3410.5722222222225,1894.7623456790125,low,Q3,3,1,4,8
C0563,99,476,44494.48,8,394,6.239495798319328,449.43919191919196,2804.273949579832,medium,Q4,5,4,5,14
C0564,37,1680,45434.98,69,52,0.6607142857142857,1227.9724324324325,811.3389285714286,low,Q4,5,1,5,11
C0565,178,1030,39583.0,328,47,5.184466019417475,222.37640449438203,1152.902912621359,medium,Q4,1,1,4,6
C0566,48,846,23073.52,124,319,1.702127659574468,480.6983333333333,818.2099290780142,low,Q2,4,4,3,11
C0567,46,1768,4103.64,258,111,0.7805429864253394,89.20956521739132,69.6319004524887,low,Q1,2,2,1,5
C0568,50,1113,839.49,257,176,1.3477088948787062,16.7898,22.6277628032345,low,Q1,2,2,1,5
C0569,129,1663,23886.17,113,158,2.3271196632591704,185.16410852713176,430.89903788334334,medium,Q2,4,2,3,9
C0570,115,1798,24741.01,75,109,1.9187986651835374,215.13921739130433,412.80884315906565,low,Q2,4,2,3,9
C0571,190,172,20397.75,253,381,33.13953488372093,107.35657894736842,3557.7470930232557,high,Q2,2,4,2,8
C0572,84,679,28429.96,35,346,3.711340206185567,338.45190476190476,1256.1101620029456,medium,Q3,5,4,3,12
C0573,57,1348,27630.53,181,120,1.268545994065282,484.74614035087717,614.9227744807122,low,Q3,3,2,3,8
C0574,10,1490,41838.82,325,344,0.20134228187919465,4183.882,842.3923489932886,low,Q4,1,4,5,10
C0575,2,296,5477.42,260,357,0.2027027027027027,2738.71,555.1439189189189,low,Q1,2,4,1,7
C0576,75,601,11297.62,279,270,3.7437603993344424,150.63493333333335,563.9410981697172,medium,Q1,2,3,2,7
C0577,186,1014,39660.6,31,290,5.502958579881657,213.2290322580645,1173.3905325443789,medium,Q4,5,3,4,12
C0578,105,1465,42399.45,73,468,2.150170648464164,403.8042857142857,868.248122866894,medium,Q4,4,5,5,14
C0579,179,232,49741.47,101,227,23.146551724137932,277.8853072625698,6432.086637931035,high,Q4,4,3,5,12
C0580,21,1108,43651.96,107,193,0.5685920577617329,2078.6647619047617,1181.9122743682312,low,Q4,4,2,5,11
C0581,19,562,44500.46,71,270,1.0142348754448398,2342.1294736842106,2375.4693950177934,low,Q4,4,3,5,12
C0582,167,418,15751.68,355,418,11.985645933014354,94.3214371257485,1130.5033492822965,high,Q2,1,5,2,8
C0583,22,955,20113.0,61,355,0.6910994764397906,914.2272727272727,631.8219895287958,low,Q2,5,4,2,11
C0584,11,773,13440.85,259,38,0.4269081500646831,1221.8954545454546,521.6371280724451,low,Q2,2,1,2,5
C0585,81,1171,30334.65,215,230,2.075149444918873,374.5018518518519,777.1473099914604,medium,Q3,2,3,3,8
C0586,185,600,46943.33,223,370,9.25,253.74772972972974,2347.1665000000003,medium,Q4,2,4,5,11
C0587,138,1508,17264.81,79,112,2.7453580901856762,125.10731884057972,343.4643899204244,medium,Q2,4,2,2,8
C0588,20,170,27872.24,113,495,3.5294117647058822,1393.612,4918.630588235294,medium,Q3,4,5,3,12
C0589,168,1577,14850.17,222,405,3.1959416613823715,88.39386904761905,282.5016487000634,medium,Q2,2,5,2,9
C0590,169,83,8531.51,110,424,61.08433734939759,50.48230769230769,3083.678313253012,high,Q1,4,5,1,10
C0591,161,1351,9799.52,254,41,3.5751295336787567,60.86658385093168,217.6059215396003,medium,Q1,2,1,1,4
C0592,181,652,2944.37,15,290,8.328220858895705,16.26723756906077,135.4771472392638,medium,Q1,5,3,1,9
C0593,48,718,47467.21,27,264,2.0055710306406684,988.9002083333334,1983.3096100278551,medium,Q4,5,3,5,13
C0594,196,64,20173.84,266,314,91.875,102.92775510204082,9456.487500000001,high,Q2,2,4,2,8
C0595,65,1290,41714.34,226,426,1.5116279069767442,641.7590769230769,970.1009302325581,low,Q4,2,5,5,12
C0596,161,327,34082.41,16,177,14.770642201834862,211.69198757763976,3126.8266055045874,high,Q3,5,2,4,11
C0597,116,1213,9636.46,329,267,2.8689200329760927,83.07293103448275,238.32959604286893,medium,Q1,1,3,1,5
C0598,156,1332,8814.34,2,340,3.5135135135135136,56.50217948717949,198.52117117117118,medium,Q1,5,4,1,10
C0599,126,1548,40608.81,349,377,2.441860465116279,322.29214285714284,786.9924418604651,medium,Q4,1,4,4,9
C0600,129,1301,13272.35,267,386,2.9746348962336664,102.88643410852714,306.04957724827057,medium,Q2,2,4,2,8
C0601,124,571,45668.59,361,169,6.514886164623467,368.29508064516125,2399.400525394045,medium,Q4,1,2,5,8
C0602,156,1356,7045.77,347,500,3.451327433628318,45.16519230769231,155.87986725663717,medium,Q1,1,5,1,7
C0603,148,1513,33901.55,115,5,2.934567085261071,229.06452702702705,672.2052214144086,medium,Q3,4,1,4,9
C0604,27,599,40732.97,277,247,1.3522537562604342,1508.6285185185186,2040.0485809682807,low,Q4,2,3,4,9
C0605,166,253,11801.06,77,305,19.68379446640316,71.09072289156626,1399.3351778656126,high,Q1,4,4,2,10
C0606,108,1628,13846.56,173,31,1.9901719901719903,128.20888888888888,255.15773955773955,low,Q2,3,1,2,6
C0607,65,295,48227.72,88,226,6.610169491525423,741.9649230769231,4904.513898305085,medium,Q4,4,3,5,12
C0608,103,1096,13266.65,178,298,2.8193430656934306,128.802427184466,363.13822992700733,medium,Q2,3,4,2,9
C0609,194,454,21526.35,319,304,12.819383259911895,110.96056701030928,1422.4460352422907,high,Q2,1,4,3,8
C0610,172,256,21654.15,160,60,20.15625,125.89622093023257,2537.595703125,high,Q2,3,1,3,7
C0611,167,1424,12689.09,34,139,3.518258426966292,75.9825748502994,267.32633426966294,medium,Q2,5,2,2,9
C0612,93,288,38800.76,119,123,9.6875,417.2124731182796,4041.745833333334,medium,Q4,4,2,4,10
C0613,157,1233,38603.87,288,320,3.8199513381995134,245.88452229299364,939.2669099756691,medium,Q4,2,4,4,10
C0614,78,1274,18946.98,191,165,1.8367346938775508,242.91,446.16122448979587,low,Q2,3,2,2,7
C0615,138,138,41764.53,205,286,30.000000000000004,302.64152173913044,9079.245652173913,high,Q4,3,3,5,11
C0616,128,340,10693.09,158,366,11.294117647058822,83.539765625,943.5079411764706,high,Q1,3,4,2,9
C0617,50,1456,265.07,107,399,1.0302197802197803,5.3014,5.461607142857143,low,Q1,4,4,1,9
C0618,54,941,28579.81,219,92,1.7215727948990436,529.2557407407407,911.1522848034007,low,Q3,2,1,3,6
C0619,13,247,49704.18,232,452,1.5789473684210529,3823.3984615384616,6036.944939271256,low,Q4,2,5,5,12
C0620,28,1811,1980.28,328,83,0.46383213694091663,70.72428571428571,32.80419657647708,low,Q1,1,1,1,3
C0621,87,505,10439.5,226,11,5.1683168316831685,119.99425287356321,620.1683168316832,medium,Q1,2,1,2,5
C0622,96,37,25969.79,364,23,77.83783783783784,270.5186458333333,21056.586486486485,high,Q3,1,1,3,5
C0623,34,1689,40506.54,302,101,0.6039076376554174,1191.3688235294119,719.476731793961,low,Q4,1,1,4,6
C0624,84,59,4497.65,29,437,42.71186440677966,53.543452380952374,2286.9406779661017,high,Q1,5,5,1,11
C0625,121,1023,19791.97,144,104,3.5483870967741935,163.57000000000002,580.4096774193548,medium,Q2,3,1,2,6
C0626,47,1813,37366.44,141,347,0.7777164920022064,795.0306382978724,618.3084390512963,low,Q3,3,4,4,11
C0627,68,1067,18608.58,2,210,1.9119025304592314,273.65558823529415,523.2028116213684,low,Q2,5,3,2,10
C0628,74,1080,9482.38,66,20,2.0555555555555554,128.14027027027026,263.39944444444444,medium,Q1,5,1,1,7
C0629,102,727,9815.02,279,223,4.209078404401651,96.22568627450981,405.0214580467675,medium,Q1,2,3,1,6
C0630,74,257,20531.94,129,15,8.638132295719844,277.45864864864865,2396.724513618677,medium,Q2,4,1,3,8
C0631,148,1058,23996.88,54,239,4.196597353497165,162.1410810810811,680.440831758034,medium,Q2,5,3,3,11
C0632,66,1641,43097.63,105,280,1.206581352833638,652.994393939394,787.8908592321754,low,Q4,4,3,5,12
C0633,87,193,32130.51,101,261,13.523316062176166,369.3162068965517,4994.379792746114,high,Q3,4,3,4,11
C0634,76,1611,34535.58,64,142,1.4152700186219738,454.4155263157895,643.1206703910615,low,Q3,5,2,4,11
C0635,37,775,49150.21,37,384,1.4322580645161291,1328.384054054054,1902.5887741935485,low,Q4,5,4,5,14
C0636,138,993,20621.58,279,299,4.169184290030211,149.4317391304348,623.0084592145015,medium,Q2,2,4,3,9
C0637,48,327,20197.55,301,128,4.4036697247706424,420.78229166666665,1852.98623853211,medium,Q2,1,2,2,5
C0638,60,1146,46171.18,182,218,1.5706806282722512,769.5196666666667,1208.6696335078534,low,Q4,3,3,5,11
C0639,159,357,12331.49,225,55,13.361344537815125,77.55654088050315,1036.2596638655461,high,Q1,2,1,2,5
C0640,190,520,36504.27,336,462,10.961538461538462,192.12773684210524,2106.015576923077,high,Q3,1,5,4,10
C0641,135,1326,37740.93,308,377,3.0542986425339365,279.56244444444445,853.8671945701357,medium,Q3,1,4,4,9
C0642,184,120,4934.51,12,144,46.0,26.817989130434785,1233.6275,high,Q1,5,2,1,8
C0643,171,833,23438.16,348,338,6.158463385354142,137.06526315789475,844.1114045618248,medium,Q2,1,4,3,8
C0644,97,1097,10068.1,25,340,2.6526891522333633,103.79484536082475,275.33546034639926,medium,Q1,5,4,1,10
C0645,155,267,9309.49,10,305,17.41573033707865,60.06122580645161,1046.0101123595505,high,Q1,5,4,1,10
C0646,66,559,23218.21,148,28,3.5420393559928445,351.79106060606057,1246.0577817531305,medium,Q2,3,1,3,7
C0647,93,646,14507.01,273,440,4.318885448916408,155.9893548387097,673.7001547987616,medium,Q2,2,5,2,9
C0648,108,1221,39813.22,30,478,2.6535626535626533,368.64092592592596,978.2117936117936,medium,Q4,5,5,4,14
C0649,193,1784,45384.86,107,488,3.2455156950672643,235.15471502590674,763.1983183856502,medium,Q4,4,5,5,14
C0650,170,1531,40145.89,96,491,3.3311561071195297,236.15229411764705,786.6601567602875,medium,Q4,4,5,4,13
C0651,98,370,13338.24,146,465,7.945945945945946,136.10448979591837,1081.478918918919,medium,Q2,3,5,2,10
C0652,131,62,13743.01,360,370,63.387096774193544,104.90847328244276,6649.843548387096,high,Q2,1,4,2,7
C0653,41,123,12773.68,121,29,10.0,311.5531707317073,3115.5317073170736,medium,Q2,4,1,2,7
C0654,161,1099,6795.15,77,233,4.3949044585987265,42.20590062111801,185.4909008189263,medium,Q1,4,3,1,8
C0655,111,310,47192.73,45,123,10.741935483870968,425.15972972972975,4567.038387096774,high,Q4,5,2,5,12
C0656,107,445,20132.29,73,110,7.213483146067415,188.1522429906542,1357.2330337078652,medium,Q2,4,2,2,8
C0657,154,1551,11273.24,49,416,2.978723404255319,73.20285714285714,218.0510638297872,medium,Q1,5,5,2,12
C0658,127,1599,42341.22,210,407,2.382739212007505,333.39543307086615,794.3943714821764,medium,Q4,3,5,5,13
C0659,15,1536,19989.81,154,262,0.29296875,1332.654,390.4259765625,low,Q2,3,3,2,8
C0660,58,485,1804.08,182,369,3.587628865979381,31.104827586206895,111.59257731958762,medium,Q1,3,4,1,8
C0661,36,1142,8138.98,304,65,0.945709281961471,226.08277777777778,213.80858143607702,low,Q1,1,1,1,3
C0662,147,1126,31980.55,212,111,3.9165186500888103,217.5547619047619,852.0572824156305,medium,Q3,2,2,4,8
C0663,8,362,39156.12,57,431,0.6629834254143646,4894.515,3244.982320441989,low,Q4,5,5,4,14
C0664,41,1024,10586.17,138,226,1.201171875,258.1992682926829,310.14169921875003,low,Q1,3,3,2,8
C0665,120,973,45873.91,115,274,3.6998972250770814,382.2825833333334,1414.4062692702983,medium,Q4,4,3,5,12
C0666,139,741,42557.31,302,232,5.62753036437247,306.1676978417266,1722.968016194332,medium,Q4,1,3,5,9
C0667,101,1379,42426.62,113,102,2.197244379985497,420.06554455445547,922.9866569978245,medium,Q4,4,1,5,10
C0668,173,1247,11421.67,51,414,4.161988773055333,66.02121387283238,274.7795509222133,medium,Q1,5,5,2,12
C0669,184,986,2574.27,269,380,5.598377281947261,13.990597826086956,78.32464503042596,medium,Q1,2,4,1,7
C0670,27,1333,43377.81,157,342,0.6076519129782446,1606.5855555555554,976.2447861965492,low,Q4,3,4,5,12
C0671,191,1400,15324.72,35,177,4.092857142857143,80.23413612565444,328.38685714285714,medium,Q2,5,2,2,9
C0672,123,1048,30964.87,252,322,3.520992366412214,251.7469105691057,886.3989503816795,medium,Q3,2,4,4,10
C0673,128,510,38010.35,77,477,7.529411764705882,296.955859375,2235.9029411764704,medium,Q3,4,5,4,13
C0674,20,1392,6458.25,317,325,0.4310344827586207,322.9125,139.1864224137931,low,Q1,1,4,1,6
C0675,125,1318,39052.88,304,248,2.845220030349014,312.42303999999996,888.9122913505311,medium,Q4,1,3,4,8
C0676,146,1796,46928.65,135,136,2.4387527839643655,321.4291095890411,783.886135857461,medium,Q4,4,2,5,11
C0677,117,299,36432.33,203,262,11.73913043478261,311.3874358974359,3655.4177257525084,high,Q3,3,3,4,10
C0678,17,783,22089.08,208,186,0.6513409961685823,1299.3576470588237,846.3249042145594,low,Q2,3,2,3,8
C0679,105,1689,43840.07,239,306,1.8650088809946714,417.5244761904762,778.6868561278864,low,Q4,2,4,5,11
C0680,188,954,26396.51,26,23,5.911949685534591,140.40696808510637,830.07893081761,medium,Q3,5,1,3,9
C0681,145,1722,37251.31,119,96,2.5261324041811846,256.90558620689654,648.9775261324041,medium,Q3,4,1,4,9
C0682,28,52,41034.27,63,394,16.153846153846153,1465.5096428571428,23673.617307692304,high,Q4,5,4,5,14
C0683,192,93,37480.18,255,191,61.93548387096774,195.20927083333333,12090.38064516129,high,Q3,2,2,4,8
C0684,192,1459,14428.35,26,217,3.947909527073338,75.14765625,296.6761480466073,medium,Q2,5,3,2,10
C0685,34,673,5936.3,189,272,1.5156017830609212,174.5970588235294,264.61961367013373,low,Q1,3,3,1,7
C0686,161,964,11955.01,266,220,5.0103734439834025,74.25472049689441,372.0438796680498,medium,Q1,2,3,2,7
C0687,82,798,25168.6,347,380,3.082706766917293,306.9341463414634,946.1879699248119,medium,Q3,1,4,3,8
C0688,119,762,25288.58,106,123,4.685039370078741,212.5090756302521,995.6133858267718,medium,Q3,4,2,3,9
C0689,90,1717,29153.09,3,380,1.57251019219569,323.92322222222225,509.3725684333139,low,Q3,5,4,3,12
C0690,157,198,19785.34,265,105,23.78787878787879,126.02127388535033,2997.778787878788,high,Q2,2,2,2,6
C0691,200,1416,39355.22,1,186,4.23728813559322,196.7761,833.797033898305,medium,Q4,5,2,4,11
C0692,160,1627,45662.03,25,294,2.9502151198524893,285.38768749999997,841.9550706822372,medium,Q4,5,3,5,13
C0693,187,1210,12373.92,362,443,4.636363636363636,66.17069518716578,306.7914049586777,medium,Q1,1,5,2,8
C0694,190,739,36839.33,315,117,7.713125845737483,193.8912105263158,1495.5073071718539,medium,Q3,1,2,4,7
C0695,19,317,33914.69,259,294,1.7981072555205049,1784.9836842105265,3209.592113564669,low,Q3,2,3,4,9
C0696,51,1255,26178.37,305,33,1.2191235059760956,513.3013725490196,625.7777689243027,low,Q3,1,1,3,5
C0697,145,871,9467.09,28,38,4.994259471871412,65.29027586206897,326.0765786452354,medium,Q1,5,1,1,7
C0698,119,298,39771.85,33,384,11.979865771812081,334.2172268907563,4003.8775167785234,high,Q4,5,4,4,13
C0699,11,675,48033.28,110,360,0.4888888888888889,4366.6618181818185,2134.8124444444443,low,Q4,4,4,5,13
C0700,20,1756,36105.72,9,189,0.3416856492027335,1805.286,616.840318906606,low,Q3,5,2,4,11
C0701,105,506,45897.11,325,312,6.225296442687747,437.11533333333335,2721.1725296442687,medium,Q4,1,4,5,10
C0702,124,350,49210.05,21,191,10.62857142857143,396.8552419354839,4218.004285714286,high,Q4,5,2,5,12
C0703,34,1254,17634.93,199,139,0.8133971291866029,518.6744117647058,421.88827751196175,low,Q2,3,2,2,7
C0704,35,388,31929.27,312,216,2.7061855670103094,912.2648571428572,2468.757989690722,medium,Q3,1,3,4,8
C0705,26,1682,23722.94,269,156,0.4637336504161712,912.4207692307692,423.1202140309155,low,Q2,2,2,3,7
C0706,113,1572,49332.11,86,408,2.1564885496183206,436.56734513274336,941.4524809160306,medium,Q4,4,5,5,14
C0707,2,1796,4735.7,172,206,0.03340757238307349,2367.85,79.10412026726057,low,Q1,3,3,1,7
C0708,115,1668,20648.13,201,161,2.068345323741007,179.54895652173914,371.3692446043166,medium,Q2,3,2,3,8
C0709,96,467,43783.18,281,269,6.167023554603855,456.07479166666667,2812.6239828693792,medium,Q4,2,3,5,10
C0710,94,411,14238.36,156,380,6.861313868613139,151.47191489361703,1039.2963503649637,medium,Q2,3,4,2,9
C0711,136,645,39400.25,105,137,6.325581395348837,289.7077205882353,1832.5697674418604,medium,Q4,4,2,4,10
C0712,105,873,19170.02,291,470,3.608247422680412,182.57161904761904,658.7635738831615,medium,Q2,2,5,2,9
C0713,146,1610,48999.93,324,232,2.720496894409938,335.6159589041096,913.0421739130435,medium,Q4,1,3,5,9
C0714,153,1347,44182.32,179,331,3.407572383073497,288.7733333333333,984.0160356347438,medium,Q4,3,4,5,12
C0715,185,1187,15100.95,11,479,4.675652906486942,81.62675675675676,381.65838247683234,medium,Q2,5,5,2,12
C0716,160,1607,38521.15,183,216,2.9869321717485997,240.75718750000001,719.1253889234598,medium,Q4,3,3,4,10
C0717,104,1190,16875.98,325,100,2.6218487394957983,162.26903846153846,425.44487394957986,medium,Q2,1,1,2,4
C0718,99,710,30337.82,362,374,4.183098591549296,306.4426262626263,1281.879718309859,medium,Q3,1,4,3,8
C0719,48,771,32941.11,147,4,1.867704280155642,686.273125,1281.755252918288,low,Q3,3,1,4,8
C0720,120,958,41488.29,55,229,3.757828810020877,345.73575,1299.2157620041753,medium,Q4,5,3,5,13
C0721,28,189,1271.32,209,490,4.444444444444445,45.40428571428571,201.7968253968254,medium,Q1,3,5,1,9
C0722,187,1362,11046.89,304,208,4.118942731277533,59.07427807486631,243.32356828193832,medium,Q1,1,3,2,6
C0723,170,1202,35610.29,345,343,4.242928452579035,209.47229411764707,888.7759567387686,medium,Q3,1,4,4,9
C0724,24,1343,28197.99,19,263,0.5361131794489948,1174.91625,629.8880863737901,low,Q3,5,3,3,11
C0725,158,988,24805.47,107,108,4.79757085020243,156.99664556962026,753.2025303643726,medium,Q2,4,2,3,9
C0726,24,1436,2807.74,175,159,0.5013927576601671,116.98916666666666,58.657520891364896,low,Q1,3,2,1,6
C0727,145,1735,17446.38,36,262,2.5072046109510087,120.31986206896552,301.66651296829974,medium,Q2,5,3,2,10
C0728,18,1053,43261.76,324,53,0.5128205128205128,2403.431111111111,1232.528774928775,low,Q4,1,1,5,7
C0729,98,828,1593.1,41,208,3.550724637681159,16.256122448979593,57.72101449275362,medium,Q1,5,3,1,9
C0730,132,217,19851.99,243,208,18.24884792626728,150.39386363636365,2744.514746543779,high,Q2,2,3,2,7
C0731,146,1428,47260.16,336,418,3.0672268907563023,323.6997260273973,992.8605042016807,medium,Q4,1,5,5,11
C0732,84,1653,2591.49,251,62,1.5245009074410163,30.851071428571426,47.03248638838475,low,Q1,2,1,1,4
C0733,185,1286,37497.8,279,422,4.315707620528771,202.69081081081083,874.7542768273718,medium,Q3,2,5,4,11
C0734,155,1584,12917.75,97,206,2.9356060606060606,83.34032258064516,244.65435606060606,medium,Q2,4,3,2,9
C0735,42,1576,43337.11,303,326,0.799492385786802,1031.8359523809524,824.9449873096447,low,Q4,1,4,5,10
C0736,135,1463,37316.1,153,279,2.768284347231716,276.41555555555556,765.1968557758031,medium,Q3,3,3,4,10
C0737,147,933,44290.97,23,150,4.72668810289389,301.2991156462585,1424.1469453376205,medium,Q4,5,2,5,12
C0738,67,209,10835.44,134,466,9.617224880382775,161.72298507462688,1555.3263157894737,medium,Q1,4,5,2,11
C0739,148,35,26588.07,128,113,126.85714285714285,179.64912162162162,22789.774285714284,high,Q3,4,2,3,9
C0740,180,397,38974.53,191,19,13.602015113350127,216.52516666666665,2945.178589420655,high,Q4,3,1,4,8
C0741,164,804,12322.7,97,376,6.119402985074626,75.13841463414634,459.80223880597015,medium,Q1,4,4,2,10
C0742,153,1365,11575.78,169,311,3.3626373626373627,75.65869281045752,254.41274725274727,medium,Q1,3,4,2,9
C0743,127,848,1407.75,157,446,4.492924528301887,11.084645669291339,49.80247641509434,medium,Q1,3,5,1,9
C0744,55,71,47927.84,120,229,23.239436619718308,871.4152727272726,20251.199999999997,high,Q4,4,3,5,12
C0745,160,407,35515.34,255,9,11.793611793611793,221.97087499999998,2617.838329238329,high,Q3,2,1,4,7
C0746,73,1788,31796.24,112,11,1.2248322147651007,435.56493150684935,533.4939597315437,low,Q3,4,1,4,9
C0747,107,1804,37212.54,280,217,1.7793791574279378,347.78074766355144,618.8338137472284,low,Q3,2,3,4,9
C0748,63,707,26604.07,92,125,2.6732673267326734,422.2868253968254,1128.8855728429985,medium,Q3,4,2,3,9
C0749,63,1475,23832.88,316,462,1.2813559322033898,378.2996825396826,484.7365423728814,low,Q2,1,5,3,9
C0750,32,1321,22504.14,134,60,0.7267221801665406,703.254375,511.07055261165783,low,Q2,4,1,3,8
C0751,193,1702,32039.94,15,441,3.401880141010576,166.0100518134715,564.7462984723854,medium,Q3,5,5,4,14
C0752,30,1624,10116.67,55,109,0.5541871921182266,337.2223333333333,186.88429802955665,low,Q1,5,2,1,8
C0753,18,1159,44408.53,295,60,0.4659188955996549,2467.1405555555557,1149.4874029335633,low,Q4,1,1,5,7
C0754,188,738,40597.03,319,138,7.642276422764227,215.9416489361702,1650.2857723577235,medium,Q4,1,2,4,7
C0755,112,1155,17510.7,78,73,2.909090909090909,156.34553571428572,454.82337662337665,medium,Q2,4,1,2,7
C0756,88,603,28951.53,220,201,4.378109452736318,328.99465909090907,1440.3746268656714,medium,Q3,2,2,3,7
C0757,148,655,7094.31,210,166,6.778625954198474,47.93452702702703,324.9302290076336,medium,Q1,3,2,1,6
C0758,77,1123,48618.7,49,265,2.0569902048085487,631.4116883116883,1298.8076580587713,medium,Q4,5,3,5,13
C0759,26,1056,45149.49,165,269,0.7386363636363635,1736.518846153846,1282.6559659090908,low,Q4,3,3,5,11
C0760,146,1073,46098.78,254,1,4.082013047530289,315.74506849315065,1288.8754892823858,medium,Q4,2,1,5,8
C0761,36,720,16641.54,354,63,1.5,462.26500000000004,693.3975,low,Q2,1,1,2,4
C0762,111,764,8498.28,310,81,4.358638743455498,76.56108108108108,333.70209424083777,medium,Q1,1,1,1,3
C0763,190,48,10628.02,36,98,118.75,55.93694736842105,6642.5125,high,Q1,5,1,2,8
C0764,188,1110,4545.57,87,47,5.081081081081081,24.178563829787233,122.85324324324324,medium,Q1,4,1,1,6
C0765,73,1064,6049.53,160,158,2.058270676691729,82.87027397260273,170.56945488721803,medium,Q1,3,2,1,6
C0766,157,1709,3611.66,55,275,2.7559976594499704,23.00420382165605,63.399531889994144,medium,Q1,5,3,1,9
C0767,123,935,49491.66,209,155,3.946524064171123,402.3712195121951,1587.9677005347594,medium,Q4,3,2,5,10
C0768,96,869,3749.18,4,165,3.3141542002301496,39.053958333333334,129.4308400460299,medium,Q1,5,2,1,8
C0769,28,151,6670.48,42,235,5.562913907284768,238.23142857142855,1325.260927152318,medium,Q1,5,3,1,9
C0770,76,383,41371.37,18,275,5.953002610966057,544.3601315789474,3240.5772845953,medium,Q4,5,3,5,13
C0771,131,637,29033.0,108,166,6.169544740973312,221.6259541984733,1367.331240188383,medium,Q3,4,2,3,9
C0772,198,707,38732.14,279,111,8.401697312588402,195.61686868686868,1643.513719943423,medium,Q4,2,2,4,8
C0773,1,681,31564.05,65,205,0.04405286343612335,31564.05,1390.4867841409691,low,Q3,5,3,4,12
C0774,144,737,44114.64,361,13,5.8616010854816825,306.3516666666667,1795.711261872456,medium,Q4,1,1,5,7
C0775,170,1410,31941.45,99,247,3.617021276595745,187.8908823529412,679.6053191489361,medium,Q3,4,3,4,11
C0776,191,265,26130.15,17,471,21.62264150943396,136.80706806282723,2958.1301886792453,high,Q3,5,5,3,13
C0777,85,626,35651.85,123,199,4.073482428115016,419.4335294117647,1708.5551118210863,medium,Q3,4,2,4,10
C0778,24,322,22397.27,274,55,2.236024844720497,933.2195833333334,2086.7021739130437,medium,Q2,2,1,3,6
C0779,55,582,17335.89,39,354,2.8350515463917527,315.198,893.6025773195877,medium,Q2,5,4,2,11
C0780,171,1259,23409.24,27,64,4.074662430500397,136.8961403508772,557.8055599682287,medium,Q2,5,1,3,9
C0781,176,113,8527.22,311,97,46.72566371681416,48.45011363636363,2263.863716814159,high,Q1,1,1,1,3
C0782,128,639,39838.76,217,74,6.009389671361502,311.2403125,1870.3643192488264,medium,Q4,2,1,4,7
C0783,25,72,13072.15,126,442,10.416666666666668,522.886,5446.729166666667,high,Q2,4,5,2,11
C0784,25,1744,7718.9,276,491,0.43004587155963303,308.756,132.77924311926606,low,Q1,2,5,1,8
C0785,96,1336,12355.29,309,285,2.155688622754491,128.7009375,277.4391467065869,medium,Q1,1,3,2,6
C0786,118,467,42111.4,132,309,7.580299785867238,356.8762711864407,2705.2291220556745,medium,Q4,4,4,5,13
C0787,7,385,16543.55,205,323,0.5454545454545454,2363.3642857142854,1289.107792207792,low,Q2,3,4,2,9
C0788,138,207,34318.19,4,306,20.0,248.6825362318841,4973.650724637681,high,Q3,5,4,4,13
C0789,109,879,42827.66,112,273,3.720136518771331,392.91431192660554,1461.6948805460752,medium,Q4,4,3,5,12
C0790,3,1383,3933.35,218,494,0.0650759219088937,1311.1166666666666,85.32212581344902,low,Q1,2,5,1,8
C0791,20,1079,38262.97,72,367,0.5560704355885079,1913.1485,1063.8453197405004,low,Q4,4,4,4,12
C0792,91,1612,15417.89,362,45,1.6935483870967742,169.42736263736262,286.93343672456575,low,Q2,1,1,2,4
C0793,145,647,10870.29,355,196,6.723338485316847,74.96751724137931,504.0319938176198,medium,Q1,1,2,2,5
C0794,166,529,34460.63,95,488,9.41398865784499,207.59415662650602,1954.289035916824,medium,Q3,4,5,4,13
C0795,87,888,45494.34,145,202,2.939189189189189,522.923448275862,1536.9709459459457,medium,Q4,3,2,5,10
C0796,60,392,14786.21,70,103,4.591836734693878,246.4368333333333,1131.5977040816326,medium,Q2,5,1,2,8
C0797,194,1782,28463.25,184,435,3.265993265993266,146.71778350515464,479.17929292929296,medium,Q3,3,5,3,11
C0798,92,363,14527.21,46,312,7.603305785123967,157.90445652173912,1200.595867768595,medium,Q2,5,4,2,11
C0799,64,890,27736.57,143,282,2.157303370786517,433.38390625,934.9405617977527,medium,Q3,3,3,3,9
C0800,89,967,31112.01,203,211,2.7611168562564634,349.57314606741573,965.2123061013443,medium,Q3,3,3,4,10
C0801,3,132,30536.25,224,63,0.6818181818181818,10178.75,6940.056818181818,low,Q3,2,1,4,7
C0802,61,871,31196.14,218,192,2.1010332950631456,511.41213114754095,1074.4939150401835,medium,Q3,2,2,4,8
C0803,104,846,6797.24,81,219,3.6879432624113475,65.35807692307692,241.03687943262412,medium,Q1,4,3,1,8
C0804,184,495,34692.35,290,466,11.151515151515152,188.5453804347826,2102.5666666666666,high,Q3,2,5,4,11
C0805,148,259,33753.78,253,154,17.142857142857142,228.06608108108108,3909.7042471042473,high,Q3,2,2,4,8
C0806,157,111,34145.28,275,75,42.43243243243243,217.48585987261146,9228.454054054053,high,Q3,2,1,4,7
C0807,109,45,3749.82,171,214,72.66666666666667,34.402018348623855,2499.88,high,Q1,3,3,1,7
C0808,23,894,22369.6,326,499,0.7718120805369127,972.591304347826,750.6577181208053,low,Q2,1,5,3,9
C0809,79,191,20481.3,143,242,12.408376963350786,259.25696202531645,3216.9581151832463,high,Q2,3,3,2,8
C0810,200,1752,4381.24,295,190,3.4246575342465753,21.9062,75.02123287671233,medium,Q1,1,2,1,4
C0811,9,469,11157.28,75,334,0.5756929637526652,1239.697777777778,713.685287846482,low,Q1,4,4,2,10
C0812,176,1201,22076.08,91,325,4.396336386344713,125.43227272727273,551.4424646128227,medium,Q2,4,4,3,11
C0813,137,1239,37158.17,193,150,3.3171912832929786,271.22751824817516,899.7135593220339,medium,Q3,3,2,4,9
C0814,57,919,11891.25,203,484,1.8607181719260066,208.6184210526316,388.18008705114255,low,Q1,3,5,2,10
C0815,156,1616,41496.01,273,297,2.896039603960396,266.0000641025641,770.3467202970297,medium,Q4,2,4,5,11
C0816,168,228,27312.62,109,29,22.105263157894736,162.57511904761904,3593.7657894736844,high,Q3,4,1,3,8
C0817,9,450,38033.06,319,204,0.6,4225.895555555555,2535.537333333333,low,Q3,1,3,4,8
C0818,22,483,23654.17,121,462,1.3664596273291925,1075.1895454545454,1469.2031055900618,low,Q2,4,5,3,12
C0819,134,273,24984.75,195,197,14.725274725274726,186.45335820895522,2745.5769230769233,high,Q3,3,2,3,8
C0820,200,559,31004.98,341,284,10.733452593917711,155.0249,1663.9524150268337,high,Q3,1,3,4,8
C0821,5,591,46402.13,197,307,0.25380710659898476,9280.426,2355.43807106599,low,Q4,3,4,5,12
C0822,134,1403,24616.04,249,353,2.865288667141839,183.70179104477612,526.3586600142552,medium,Q2,2,4,3,9
C0823,28,571,26456.44,332,437,1.4711033274956216,944.8728571428571,1390.0056042031522,low,Q3,1,5,3,9
C0824,131,1604,30119.75,356,75,2.4501246882793017,229.92175572519085,563.3369700748129,medium,Q3,1,1,3,5
C0825,125,1417,36888.88,183,259,2.6464361326746646,295.11104,780.9925194071982,medium,Q3,3,3,4,10
C0826,19,1649,3638.92,153,267,0.34566403881140084,191.5221052631579,66.20230442692541,low,Q1,3,3,1,7
C0827,137,218,25808.59,72,77,18.853211009174313,188.38386861313867,3551.6408256880736,high,Q3,4,1,3,8
C0828,180,1798,24105.5,197,337,3.003337041156841,133.91944444444445,402.20522803114574,medium,Q2,3,4,3,10
C0829,173,1132,46088.16,336,60,4.584805653710247,266.405549132948,1221.417667844523,medium,Q4,1,1,5,7
C0830,6,1794,24700.65,178,229,0.10033444816053512,4116.775000000001,413.054347826087,low,Q2,3,3,3,9
C0831,50,667,23442.61,128,166,2.2488755622188905,468.85220000000004,1054.3902548725637,medium,Q2,4,2,3,9
C0832,49,1741,48111.89,40,78,0.8443423319931075,981.8753061224489,829.0388856978748,low,Q4,5,1,5,11
C0833,91,1087,22556.29,143,412,2.511499540018399,247.87131868131868,622.5287028518859,medium,Q2,3,5,3,11
C0834,29,158,9085.18,87,123,5.506329113924051,313.2820689655172,1725.0341772151899,medium,Q1,4,2,1,7
C0835,171,766,10884.96,357,128,6.697127937336814,63.65473684210526,426.3039164490861,medium,Q1,1,2,2,5
C0836,156,277,4804.62,193,428,16.89530685920578,30.798846153846153,520.3559566787004,high,Q1,3,5,1,9
C0837,162,1720,78.38,51,439,2.825581395348837,0.4838271604938271,1.3670930232558138,medium,Q1,5,5,1,11
C0838,40,576,21625.69,25,18,2.0833333333333335,540.64225,1126.3380208333333,medium,Q2,5,1,3,9
C0839,3,429,38473.67,311,139,0.2097902097902098,12824.556666666665,2690.4664335664334,low,Q4,1,2,4,7
C0840,183,1023,36686.65,340,355,5.366568914956011,200.47349726775957,1075.8548387096773,medium,Q3,1,4,4,9
C0841,58,793,1655.85,279,390,2.1941992433795714,28.54913793103448,62.642496847414876,medium,Q1,2,4,1,7
C0842,132,204,28520.65,46,500,19.411764705882355,216.0655303030303,4194.213235294118,high,Q3,5,5,3,13
C0843,182,1496,7756.44,36,278,3.6497326203208558,42.6178021978022,155.54358288770052,medium,Q1,5,3,1,9
C0844,8,1549,47056.76,73,4,0.15493867010974824,5882.095,911.3639767591995,low,Q4,4,1,5,10
C0845,2,1364,8409.88,275,437,0.0439882697947214,4204.94,184.9680351906158,low,Q1,2,5,1,8
C0846,2,1137,31350.63,280,81,0.052770448548812667,15675.315,827.1934036939315,low,Q3,2,1,4,7
C0847,32,752,16345.61,306,61,1.2765957446808511,510.8003125,652.085505319149,low,Q2,1,1,2,4
C0848,11,1004,32095.99,36,338,0.3286852589641434,2917.8172727272727,959.0435258964143,low,Q3,5,4,4,13
C0849,164,965,20642.32,56,302,5.098445595854923,125.86780487804877,641.7301554404146,medium,Q2,5,4,3,12
C0850,122,326,37994.17,329,30,11.226993865030675,311.4276229508197,3496.396012269938,high,Q3,1,1,4,6
C0851,197,176,11572.42,339,85,33.57954545454546,58.74324873096447,1972.5715909090911,high,Q1,1,1,2,4
C0852,161,484,45294.3,265,295,9.979338842975206,281.33105590062115,2807.4979338842977,medium,Q4,2,3,5,10
C0853,193,845,25035.47,39,128,6.85207100591716,129.7174611398964,888.8332544378699,medium,Q3,5,2,3,10
C0854,48,317,37816.85,26,343,4.542586750788644,787.8510416666667,3578.8817034700314,medium,Q3,5,4,4,13
C0855,58,221,42494.02,21,206,7.873303167420815,732.6555172413792,5768.419004524887,medium,Q4,5,3,5,13
C0856,170,1560,49941.49,253,295,3.269230769230769,293.7734705882353,960.4132692307692,medium,Q4,2,3,5,10
C0857,49,703,11236.09,309,238,2.0910384068278804,229.30795918367346,479.49174964438123,medium,Q1,1,3,2,6
C0858,12,1079,14380.28,231,183,0.3336422613531047,1198.3566666666668,399.8224281742354,low,Q2,2,2,2,6
C0859,134,971,12559.13,96,172,4.140061791967044,93.72485074626866,388.0266735324407,medium,Q2,4,2,2,8
C0860,161,1350,13180.42,277,349,3.577777777777778,81.86596273291926,292.8982222222222,medium,Q2,2,4,2,8
C0861,194,1358,29143.11,22,258,4.285714285714286,150.22221649484536,643.809499263623,medium,Q3,5,3,3,11
C0862,186,561,49676.45,303,298,9.946524064171124,267.077688172043,2656.494652406417,medium,Q4,1,4,5,10
C0863,25,1552,49514.39,326,289,0.4832474226804124,1980.5756,957.1080541237113,low,Q4,1,3,5,9
C0864,155,696,26362.32,263,104,6.681034482758621,170.07948387096775,1136.306896551724,medium,Q3,2,1,3,6
C0865,170,1530,31969.41,321,457,3.3333333333333335,188.05535294117647,626.8511764705883,medium,Q3,1,5,4,10
C0866,140,757,43005.53,214,282,5.5482166446499335,307.18235714285714,1704.3142668428004,medium,Q4,2,3,5,10
C0867,164,229,46650.03,171,360,21.484716157205238,284.4514024390244,6111.357641921397,high,Q4,3,4,5,12
C0868,168,1394,10232.84,118,441,3.6154949784791963,60.90976190476191,220.21893830703013,medium,Q1,4,5,1,10
C0869,90,84,26450.66,337,463,32.142857142857146,293.8962222222222,9446.664285714287,high,Q3,1,5,3,9
C0870,9,1417,41650.21,255,334,0.19054340155257585,4627.801111111111,881.7969654199012,low,Q4,2,4,5,11
C0871,92,107,15194.94,70,394,25.794392523364486,165.16239130434784,4260.263551401869,high,Q2,5,4,2,11
C0872,41,401,22018.46,350,236,3.0673316708229423,537.0356097560975,1647.2663341645884,medium,Q2,1,3,3,7
C0873,23,1113,49281.77,22,369,0.6199460916442048,2142.685652173913,1328.3495956873314,low,Q4,5,4,5,14
C0874,25,1721,49253.08,215,161,0.43579314352120857,1970.1232,858.5661824520628,low,Q4,2,2,5,9
C0875,140,763,45310.04,70,356,5.504587155963303,323.6431428571429,1781.5218872870248,medium,Q4,5,4,5,14
C0876,101,246,39932.49,243,43,12.317073170731708,395.37118811881186,4869.815853658537,high,Q4,2,1,4,7
C0877,108,448,13493.07,151,458,7.232142857142857,124.93583333333333,903.5537946428572,medium,Q2,3,5,2,10
C0878,150,1639,16076.46,160,123,2.7455765710799267,107.1764,294.26101281269064,medium,Q2,3,2,2,7
C0879,110,1335,27386.78,246,329,2.4719101123595504,248.97072727272726,615.4332584269663,medium,Q3,2,4,3,9
C0880,127,210,28060.83,276,6,18.142857142857142,220.95141732283466,4008.69,high,Q3,2,1,3,6
C0881,18,721,25299.87,139,78,0.7489597780859917,1405.5483333333332,1052.6991678224688,low,Q3,3,1,3,7
C0882,171,505,31851.68,365,494,10.158415841584159,186.26713450292397,1892.1790099009902,high,Q3,1,5,4,10
C0883,90,349,20445.73,182,417,7.736389684813754,227.17477777777776,1757.5126074498567,medium,Q2,3,5,2,10
C0884,32,1550,37471.25,59,112,0.6193548387096774,1170.9765625,725.25,low,Q3,5,2,4,11
C0885,163,1139,16710.82,3,66,4.293239683933274,102.52036809815951,440.1445127304653,medium,Q2,5,1,2,8
C0886,147,352,16567.32,74,408,12.528409090909092,112.70285714285714,1411.9875000000002,high,Q2,4,5,2,11
C0887,11,1198,6404.94,253,496,0.27545909849749584,582.2672727272727,160.3908180300501,low,Q1,2,5,1,8
C0888,39,772,9476.17,197,85,1.5155440414507773,242.97871794871796,368.24494818652846,low,Q1,3,1,1,5
C0889,4,140,42533.52,124,332,0.8571428571428571,10633.38,9114.325714285713,low,Q4,4,4,5,13
C0890,55,837,22341.8,176,142,1.9713261648745521,406.21454545454543,800.7813620071685,low,Q2,3,2,3,8
C0891,20,362,11432.0,306,373,1.6574585635359116,571.6,947.4033149171271,low,Q1,1,4,2,7
C0892,142,470,37979.09,209,210,9.063829787234043,267.4583802816901,2424.197234042553,medium,Q3,3,3,4,10
C0893,105,1608,27721.36,22,63,1.958955223880597,264.0129523809524,517.189552238806,low,Q3,5,1,3,9
C0894,197,1305,1106.74,18,163,4.528735632183908,5.6179695431472085,25.442298850574712,medium,Q1,5,2,1,8
C0895,150,270,15852.25,176,270,16.666666666666668,105.68166666666667,1761.361111111111,high,Q2,3,3,2,8
C0896,123,1558,8891.22,148,400,2.368421052631579,72.28634146341463,171.20449293966624,medium,Q1,3,4,1,8
C0897,102,1061,32810.85,311,11,2.884071630537229,321.675,927.7337417530631,medium,Q3,1,1,4,6
C0898,11,1600,13787.8,213,479,0.20625,1253.4363636363635,258.52124999999995,low,Q2,2,5,2,9
C0899,15,1371,3294.09,277,325,0.3282275711159737,219.60600000000002,72.08074398249452,low,Q1,2,4,1,7
C0900,124,639,2794.0,214,438,5.821596244131455,22.532258064516128,131.17370892018778,medium,Q1,2,5,1,8
C0901,1,990,29107.28,127,466,0.030303030303030304,29107.28,882.0387878787878,low,Q3,4,5,3,12
C0902,9,983,1135.09,240,77,0.2746693794506612,126.1211111111111,34.641607324516784,low,Q1,2,1,1,4
C0903,44,1323,42447.17,227,47,0.9977324263038548,964.7084090909091,962.5208616780045,low,Q4,2,1,5,8
C0904,177,476,7812.09,263,389,11.155462184873949,44.136101694915254,492.3586134453781,high,Q1,2,4,1,7
C0905,92,628,30347.99,70,94,4.3949044585987265,329.86945652173915,1449.74474522293,medium,Q3,5,1,3,9
C0906,142,469,22262.17,235,74,9.08315565031983,156.77584507042252,1424.0194029850745,medium,Q2,2,1,3,6
C0907,83,561,22170.43,105,235,4.438502673796791,267.1136144578313,1185.5844919786098,medium,Q2,4,3,3,10
C0908,35,319,3636.27,289,457,3.29153605015674,103.89342857142857,341.9689655172414,medium,Q1,2,5,1,8
C0909,75,95,40147.47,292,398,23.68421052631579,535.2996,12678.148421052632,high,Q4,1,4,4,9
C0910,19,1718,44657.97,229,259,0.3317811408614668,2350.4194736842105,779.8248544819558,low,Q4,2,3,5,10
C0911,155,163,600.28,346,99,28.527607361963188,3.872774193548387,110.48098159509202,high,Q1,1,1,1,3
C0912,37,1624,8971.28,197,169,0.6834975369458128,242.46702702702706,165.7256157635468,low,Q1,3,2,1,6
C0913,76,35,45200.01,10,345,65.14285714285714,594.7369736842105,38742.86571428571,high,Q4,5,4,5,14
C0914,197,1426,27497.21,222,79,4.144460028050491,139.5797461928934,578.4826788218794,medium,Q3,2,1,3,6
C0915,119,619,7544.48,284,263,5.767366720516963,63.39899159663865,365.64523424878837,medium,Q1,2,3,1,6
C0916,92,959,10179.38,37,6,2.877997914494265,110.64543478260869,318.43733055265903,medium,Q1,5,1,1,7
C0917,109,536,33016.31,39,163,6.100746268656716,302.90192660550457,1847.9277985074625,medium,Q3,5,2,4,11
C0918,157,911,36254.6,100,124,5.170142700329309,230.92101910828023,1193.8946212952799,medium,Q3,4,2,4,10
C0919,51,841,29991.37,309,341,1.8192627824019023,588.0660784313725,1069.8467300832342,low,Q3,1,4,3,8
C0920,128,981,47659.76,193,458,3.9143730886850148,372.341875,1457.4850152905199,medium,Q4,3,5,5,13
C0921,175,736,24728.48,357,74,7.133152173913043,141.3056,1007.9543478260869,medium,Q2,1,1,3,5
C0922,115,993,15048.58,319,399,3.4743202416918426,130.85721739130435,454.6398791540785,medium,Q2,1,4,2,7
C0923,90,1512,23887.78,203,328,1.7857142857142858,265.41977777777777,473.9638888888889,low,Q2,3,4,3,10
C0924,30,810,18015.33,248,485,1.1111111111111112,600.5110000000001,667.2344444444445,low,Q2,2,5,2,9
C0925,50,679,11259.57,121,456,2.2091310751104567,225.1914,497.47731958762887,medium,Q1,4,5,2,11
C0926,190,266,2345.86,33,51,21.428571428571427,12.346631578947369,264.5706766917293,high,Q1,5,1,1,7
C0927,109,676,17643.01,146,372,4.837278106508875,161.86247706422017,782.9738165680473,medium,Q2,3,4,2,9
C0928,61,255,35584.9,217,297,7.176470588235294,583.3590163934426,4186.458823529412,medium,Q3,2,4,4,10
C0929,84,357,970.97,67,57,7.0588235294117645,11.559166666666666,81.59411764705882,medium,Q1,5,1,1,7
C0930,116,1740,21986.97,81,129,2.0,189.5428448275862,379.0856896551724,low,Q2,4,2,3,9
C0931,108,190,32218.27,6,464,17.05263157894737,298.31731481481484,5087.095263157895,high,Q3,5,5,4,14
C0932,140,895,30539.69,268,272,4.692737430167598,218.14064285714284,1023.6767597765363,medium,Q3,2,3,4,9
C0933,52,1528,38843.59,329,170,1.0209424083769634,746.9921153846153,762.6359293193717,low,Q4,1,2,4,7
C0934,130,1741,40535.46,303,161,2.2400919012062035,311.81123076923075,698.4858127512923,medium,Q4,1,2,4,7
C0935,89,293,35599.71,139,419,9.112627986348121,399.9967415730337,3645.0215017064843,medium,Q3,3,5,4,12
C0936,189,323,5184.74,217,142,17.554179566563466,27.432486772486772,481.55479876160985,high,Q1,2,2,1,5
C0937,32,699,23777.37,351,80,1.3733905579399142,743.0428125,1020.487982832618,low,Q2,1,1,3,5
C0938,30,1025,30190.13,216,287,0.878048780487805,1006.3376666666667,883.6135609756099,low,Q3,2,3,3,8
C0939,93,1753,12316.02,108,497,1.5915573302909298,132.43032258064517,210.77045065601828,low,Q1,4,5,2,11
C0940,102,403,2175.46,124,92,7.593052109181142,21.328039215686275,161.94491315136477,medium,Q1,4,1,1,6
C0941,139,325,11218.34,266,128,12.83076923076923,80.70748201438849,1035.539076923077,high,Q1,2,2,2,6
C0942,81,484,22771.98,163,235,5.020661157024794,281.1355555555555,1411.4863636363636,medium,Q2,3,3,3,9
C0943,183,1600,20725.82,306,100,3.43125,113.25584699453552,388.60912499999995,medium,Q2,1,1,3,5
C0944,95,83,8874.52,316,326,34.337349397590366,93.41600000000001,3207.6578313253012,high,Q1,1,4,1,6
C0945,26,712,41229.56,14,127,1.095505617977528,1585.7523076923076,1737.2005617977527,low,Q4,5,2,5,12
C0946,24,243,46288.05,265,65,2.9629629629629632,1928.66875,5714.574074074075,medium,Q4,2,1,5,8
C0947,195,312,10107.35,136,131,18.75,51.832564102564106,971.8605769230769,high,Q1,4,2,1,7
C0948,27,1676,46482.17,190,466,0.48329355608591884,1721.5618518518518,832.0197494033413,low,Q4,3,5,5,13
C0949,190,32,942.15,97,468,178.125,4.958684210526315,883.265625,high,Q1,4,5,1,10
C0950,56,607,46251.88,135,253,2.7677100494233935,825.9264285714286,2285.9248764415156,medium,Q4,4,3,5,12
C0951,19,1674,47598.84,121,201,0.34050179211469533,2505.2021052631576,853.0258064516129,low,Q4,4,2,5,11
C0952,61,1122,651.99,19,410,1.6310160427807487,10.688360655737705,17.43288770053476,low,Q1,5,5,1,11
C0953,123,158,38162.81,286,98,23.354430379746837,310.26674796747966,7246.103164556962,high,Q3,2,1,4,7
C0954,86,865,48511.57,53,327,2.9826589595375723,564.0880232558139,1682.482196531792,medium,Q4,5,4,5,14
C0955,158,1773,45299.82,138,341,2.6734348561759727,286.70772151898734,766.4944162436548,medium,Q4,3,4,5,12
C0956,123,749,48536.97,71,356,4.92656875834446,394.60951219512197,1944.0708945260349,medium,Q4,4,4,5,13
C0957,81,979,27538.66,59,109,2.4821246169560776,339.98345679012345,843.8813074565884,medium,Q3,5,2,3,10
C0958,127,985,3953.9,137,359,3.8680203045685277,31.133070866141733,120.4233502538071,medium,Q1,4,4,1,9
C0959,195,1216,42496.97,336,306,4.810855263157895,217.9331794871795,1048.4449835526316,medium,Q4,1,4,5,10
C0960,83,366,30710.72,345,438,6.803278688524591,370.0086746987952,2517.272131147541,medium,Q3,1,5,4,10
C0961,31,1538,30756.1,140,88,0.6046814044213265,992.1322580645161,599.9239271781535,low,Q3,3,1,4,8
C0962,82,1805,20891.82,185,307,1.3628808864265929,254.77829268292683,347.23246537396125,low,Q2,3,4,3,10
C0963,169,286,28613.51,360,415,17.727272727272727,169.31071005917158,3001.4171328671328,high,Q3,1,5,3,9
C0964,44,1499,7721.31,86,140,0.8805870580386924,175.4843181818182,154.5292194796531,low,Q1,4,2,1,7
C0965,190,1497,37001.51,345,372,3.807615230460922,194.74478947368422,741.5132264529059,medium,Q3,1,4,4,9
C0966,118,1361,3797.11,39,50,2.601028655400441,32.17889830508474,83.6982365907421,medium,Q1,5,1,1,7
C0967,121,696,36502.55,83,360,5.2155172413793105,301.6739669421488,1573.385775862069,medium,Q3,4,4,4,12
C0968,64,871,42456.47,124,304,2.2043628013777266,663.38234375,1462.335361653272,medium,Q4,4,4,5,13
C0969,185,1537,23649.81,14,97,3.6109303838646714,127.83681081081082,461.6098243331165,medium,Q2,5,1,3,9
C0970,8,304,25516.03,298,34,0.7894736842105263,3189.50375,2518.0292763157895,low,Q3,1,1,3,5
C0971,60,1518,15645.1,313,373,1.1857707509881423,260.75166666666667,309.19169960474306,low,Q2,1,4,2,7
C0972,84,1683,48474.46,140,121,1.4973262032085561,577.0769047619048,864.0723707664883,low,Q4,3,2,5,10
C0973,96,1254,36669.57,306,249,2.2966507177033493,381.9746875,877.2624401913877,medium,Q3,1,3,4,8
C0974,95,643,18480.98,282,31,4.432348367029549,194.53663157894735,862.2541213063763,medium,Q2,2,1,2,5
C0975,30,1034,8781.63,293,482,0.8704061895551257,292.72099999999995,254.7861702127659,low,Q1,1,5,1,7
C0976,46,119,11018.0,293,275,11.596638655462185,239.52173913043478,2777.6470588235293,high,Q1,1,3,2,6
C0977,20,1703,23222.92,210,466,0.35231943628890194,1161.146,409.0943041691133,low,Q2,3,5,3,11
C0978,115,644,47131.29,41,81,5.357142857142858,409.8373043478261,2195.55698757764,medium,Q4,5,1,5,11
C0979,71,132,36720.61,338,103,16.136363636363637,517.191690140845,8345.593181818182,high,Q3,1,1,4,6
C0980,114,1456,10801.43,223,306,2.348901098901099,94.74938596491228,222.55693681318684,medium,Q1,2,4,2,8
C0981,118,1210,42985.08,329,303,2.925619834710744,364.28033898305085,1065.745785123967,medium,Q4,1,4,5,10
C0982,141,1148,18941.12,351,396,3.6846689895470384,134.3341843971631,494.97700348432056,medium,Q2,1,4,2,7
C0983,110,127,42593.52,69,465,25.984251968503937,387.21381818181817,10061.461417322833,high,Q4,5,5,5,15
C0984,130,1378,12122.89,147,411,2.8301886792452833,93.253,263.9235849056604,medium,Q1,3,5,2,10
C0985,118,1174,30952.1,71,71,3.0153321976149914,262.30593220338983,790.9395229982964,medium,Q3,4,1,4,9
C0986,131,1455,46337.19,19,155,2.7010309278350517,353.7190076335878,955.4059793814433,medium,Q4,5,2,5,12
C0987,124,1515,12931.81,353,457,2.4554455445544554,104.28879032258064,256.07544554455444,medium,Q2,1,5,2,8
C0988,64,410,34661.68,338,275,4.682926829268293,541.58875,2536.2204878048783,medium,Q3,1,3,4,8
C0989,50,408,49366.27,341,434,3.6764705882352944,987.3254,3629.872794117647,medium,Q4,1,5,5,11
C0990,158,1689,7572.38,323,282,2.8063943161634106,47.92645569620253,134.5005328596803,medium,Q1,1,3,1,5
C0991,69,983,4465.69,237,25,2.105798575788403,64.72014492753623,136.28758901322482,medium,Q1,2,1,1,4
C0992,110,816,33726.05,191,237,4.044117647058823,306.60045454545457,1239.9283088235295,medium,Q3,3,3,4,10
C0993,40,545,17019.81,362,413,2.201834862385321,425.49525000000006,936.8702752293578,medium,Q2,1,5,2,8
C0994,87,1177,3608.66,202,328,2.21750212404418,41.478850574712645,91.97943925233645,medium,Q1,3,4,1,8
C0995,106,1384,23791.52,235,67,2.2976878612716765,224.44830188679245,515.7121387283237,medium,Q2,2,1,3,6
C0996,126,34,37700.85,78,106,111.17647058823529,299.2130952380952,33265.455882352944,high,Q3,4,2,4,10
C0997,106,1022,14291.86,273,428,3.1115459882583165,134.8288679245283,419.5262230919765,medium,Q2,2,5,2,9
C0998,73,1814,16785.59,300,490,1.207276736493936,229.9395890410959,277.60071664829104,low,Q2,1,5,2,8
C0999,193,534,42292.69,248,377,10.842696629213483,219.13310880829016,2375.993820224719,high,Q4,2,4,5,11
C1000,103,534,26027.59,182,50,5.786516853932584,252.69504854368932,1462.2241573033707,medium,Q3,3,1,3,7
